,pred_str,text
0,agnäm mit temperature send än zistier warde,ahgnähmi temperature send abem zischtig zerwarte
1,sesch as be grosotergange ond gseit grossemuettervasescht uf för grossiore,sie esch as bett fode grossmuetter gange ond gseit grossmuetter was hesch du för grossi ohre
2,ezgidansinen jorka wo sech ne edetiordäfä well miemer tinizatifenergrift,es geht anschinend johrgäng wo sech ned jedes johr träffe well niemert dinitiative ergrifft
3,fener het sond zwoei alpptrie benniger gähn doch ääl het sie susmetlerwilevechauft,früehner het sno zwei alpbetrieb weniger geh doch ei älpler het sis hus mettlerwile verchauft
4,dierptreztne pwe qw ws,die erföllt drichtlinie fode who mühelos
5,decekttwüt es böspele tenebeine ond dötet es bar on beteiligti,de jack triebt es böses spel met dene beidne ond tötet es paar onbeteiligti
6,en grosssi ahtstel fosine ufdragöbereschüdisht em glaube gsi ond dodemet emnahte heöusgset,en grossi azahl fo sine uftraggeber esch jüdischem glaube gsi ond dodemet em naziterror usgsetzt
7,ede hochagechenitwenter dorchus stäng wärde,ede hochlage chönne dwenter dorchus sträng wärde
8,bevorde nach els der werdacho esch esch erem ächisch he rot ond statthalter fomersebor gse,bevor de nach elsterwerda cho esch escher em sächsische rot ond statthalter fo merseborg gsi
9,s chissm heit dodor au i morde izoghalte ond deen zweit,sschisma het dodore au em orde izog ghalte ond het de entzweit
10,sie sentemetdechtverchnöfti franze ovietecke kuatleverziert,sie send met decht verchnüpfte fransle sowie decke quasle verziert
11,au sini better wärde als gnüst verändet,au sini blätter wärde als gmües verwändet
12,bsonder sederomandi nt digrüene chönne ponkte,bsonders ede  romandie händ die grüene chönne ponkte
13,deusgang fode stadttrotswal em kane ond gänfescnoffe,de usgang fode ständerotswahle em kanton gänd esch no offe
14,di sächtediisgie e siede palemänti,die sächsedrigs jährig zieht es parlamänt ih
15,patrich hofstätter klimaschoeksbärter bvevef schwiz esch aber ent tüscht fode konferänzemadrit,patrick hofstetter klimaschotzexperte be wwf schwiz esch aber enttüscht fode konferenz en madrid
16,so lö sech bruef studiom ond aktivi politik beser veribahre,so lönd sech bruef studium ond aktivi politik besser veribare
17,er het den stergno onder ecki buchfom wolf ufgschnette,er het en scher gno ond de decki buch vom wolf ufgschnette
18,ede letsche täg sen en au shtralli e zwarshtortzuet odrisgi hagel chöner fom hemmel gheit,ede letzte täg send in australie zwar storzfluete ond riesigi hagelchörner fom hemmel gheit
19,owode sonerferbiesche erplegrelle ond heugönprontwet,obwohl de sommer verbi esch zerpe grelle ond heugömper om dwett
20,onm biordiversitätide scstotzsneg guet velitier ond flanzsarte sid gfördet,om dbiodiversität ede schwiz stohts ned guet velli tier ond pflanzearte send gföhrdet
21,dibs biichals dognanti sprachtzutex ensin gsprochnigse äiti texstkommentiere,deep speech cha als sognannti sprachzutextengine gsprochnigs e ächtzit e text konvertiere
22,wen genaflake zemesctmoessodesch loht sech nömme lofeschtstele,wenn genau dflagge zom erschte mol gheisse worde esch loht sech nöme loh feschtstelle
23,aubemene ufänglech etziglosszeit er ändlechemald menig,au emene ufdrengleche zitgnoss seit er ändlech emol dmeinig
24,doterfobe heter sech zom köniastergeffe,dodrufabe heter sech zom könig lo usrüefe
25,ene aupffochorezietstwelle di betrofene ställe ah wär de heiz rot ond möche blotere,innerhalb fo chorzer zit schwälle die betroffene stelle ah wätrde heiss rot ond möche blottere
26,mer händjezte äftig norweschtström wo d störigi esbeses mettelmerumine brengt,mer händ jetzt e chräftigi nordweschtströmig wo dstörige jetzt bes e mettelmeerruum inebrenge
27,deua ond at foralteregioneblibesonnig,de jura ond au dvoralperegione bliebe sonnig
28,ielech fsonöberhonte isdusig geist de barocksell fode stefzbeblotik,jährlechbsueche öber hondertdrigtuusig gäscht de barocksaal fode stiftsbibliothek
29,oi gure aber au khase stane tatare oder kepfise,uigure aber au kasachstane tatare ond kirgise
30,ich bevenelage ond dranglasiert worde globt ond belnt,ich be fo ehne gschlage ond dranglasiert worde globt ond belohnt
31,de techno kaark esch es paradis verstardabonternähma ond jongni döfteler wo irentwecklig zom dwoch boch verhälvaänd,de technopark esch es paradis för startuponternähme ond jongi töftler wo erere entwecklig zom dorchbroch verhälfe wänd
32,es set ifürs si abere grossi schonse velli vo ine anzskole wäffe wen au i chorze zit,es seigi för sie aber e grossi chance velli fo erne amtskollege zträffe  wenn au e chorzer zit
33,s onden losträte vfogenleche wo ets grossipae es schwetze breinge,sondern losträtte fo jugendleche wo jetzt grossi parteie es schwetze brenge
34,esteref beeitet snationaltin hut nöcht dordwm ond segt xprlosivf beldert vode schwizerlichtatletine ond echdatlete,srf begleitet snationalteam hutnöch dor dwm ond zeigt exklusiv belder fode schwizer liechtatlethinne und liechtathlete
35,ond es warded emer ofdech,ond es wartet niemert of dech
36,ich ameni härzedikeit net estellewendubrüersch os wärdisärzbroche,ich chan mini härztätigkeit ned ihstelle wenn du brüellsch als wär dis härz broche
37,eris er emmer allesäg,er esst mer emmer alles weg
38,es send d bärnech haftwäch swälper gsi wo d aschaffe beschlos de händ,es send dbärner chraftwärch sälber gsi wo dabschaffig beschlosse händ
39,osserdem het er sie agsto ond het de prozas onsachlech güerd,osserdem häter sie ahgschroue ond het de prozäss onsachlech gfüehrt
40,edem familliedrama wehrden stüritriperpoteretie bo bescholdigwerd bestächig szalder agnotzhah,idem familiedrama werd en stüritrieber portraitiert wo bescholdigt werd bestechigsgälder ahgno zha
41,de meeszen ond diallöck sindi provisiert worde,die meiste szene ond dialög send improvisiert worde
42,i beda stöck rätd nachminelunaminowisiere,ich be das stöck grad nach minere lune am improvisiere
43,ueerltrceduteeglzdteüeuetmehwleuüplüwulrlrclguäugt,er het nie glert rede het nie glachet ond het absoluti sexuelli ond finanzielle glichgöltigkeit zeigt
44,er esch neme wellekarewil sies föeweto het,er esch nöme velo gfahre well sis födli weh do het
45,seom het senase grebe,sam het sech dnase grebe
46,kenaso hane gloht wonedershti gsehan,genau eso hani gluegt woni de ersti gseh han
47,her het d handusgsteckt ond em schin ode lanpa hanigseh da zwöif fo sineöche lufgschöftzengsi ond platet händ,er het dhand usgstreckt ond em schien fode lampe hani gseh dass zwei fo sine chnöchel ufgschörft send gsi ond blüetet händ
48,usglent hani s gstolle,usglehnt hanis ned gstohle
49,wens aberstehrlnt o scheit esch de frielignömme wit,wens aber störmt ond schneit esch de früehlig nöme wit
50,zi tans me jiertot örzalt,sie tanzt met jedem wo deför zahlt
51,me wärde warshelech alli onbehofbersi,mer wärde wahrschindlech alli onbeholfe si
52,unnoblibserhaute und zwarbis mitti nami,d sunnä blibt üs erhautä und zwar bis mitti nami
53,oder hutkontakt mit denä öhl isch gsundheitlech un bedänklech,o dr hutkontakt mit denä öl isch gsundheitlech unbedänklech
54,dert wärdär bsunders dachbaukä  schtandteilä verbärghütä produziert,dert wärdä bsunders dachbaukä und beschtandteilä für bärghüttä produziert
55,äer isch einä voä mitbegründeär vom jungä dütschwir schpiuviun,är sich einä vodä mitbegründer vom jungä dütschschwizer schpiufium
56,aus fro hetisech d nüglechkeit voä habil dationmüsse ecgämfvä,aus frou hetsi sech d müglechkeit vorä habilitation müesse erkämpfä
57,d baarbeuzisch vürnr reiä vo tier artä segrüntlech ungersuecht wordä,d paarbiudig isch fürne reihe vo tierartä sehr gründlech ungersuecht wordä
58,näue scher i di damälig volkzenä intä griert wortä ond disch zumänä bekantä fingerpickingitarischt wordä,schnäu ischer idi damaligi folkszenä integriert wordä und isch zumene bekanntä fingerpickinggitarrischt wordä
59,lut em wirtschafts edikerthomas beschner wärdä ungernämä zuenäm zupolitischaktörä,lutem wirtschaftsethiker thomas beschorner wärdä ungernähmä zuenähmend zu politischä akteurä
60,äer isch gwaut wordä trotzdä däizit wo ihm si aahkaschtät wordä,är isch gwäut wordä trotz dä defizit wo ihm si aaglaschtet wordä
61,d grosmues und s rot chäp die schnabi erbäedi,d grossmueter und s rotchäppli die schnappimer beidi
62,das i di besc a gsee,dassi di besser cha gseh
63,lanertschaft flächä gä s landschaftspiut vom schwizermittuland,landwirtschaftsflächä prägä s landschaftsbiud vom schwizer mittuland
64,breid blättriksch nabächut dia orcheiä ischi schwiz gschützt,breitblättrigs chnabächrut  die orchideä isch ir schwiz gschützt
65,wo obstpöeim shtö cha i regumässig gartävögu wie der gartärord schanz oder be schpächt beobachtäzwärdä,wo obschtböim schtö chöi regumässig gartävögu wi dr gartärotschwanz oder dr schpächt beobachtet wärdä
66,ä knau gaupäv schmätterni flattere übertwisä,ä knaugäubä schmätterling flatteret überd wisä
67,die trisg kuadratmetter grossi landwitschaft chöimer necknaturschutzlehrbuechpflegä,die drissg quadratmeter grossi landwirtschaft chöimer nid nach naturschutzlehrbuech pflegä
68,es siminträssä vorwüssäschaft wemetodä vor komplementärmäditin wüssäschaftlich erforscht würdä,es sig im inträssä vor wüssäschaft we methodä vor komplementärmedizin wüssäschaftlech erforscht würdä
69,abnünzhät drüesächzg isch d verwändig vradi und verbotä wordä,ab nünzähdrüäsächzg isch d verwändig vo radium verbottä wordä
70,in loseinscheless gsächä jogendlechi en durcschnit vier aukohou wärbigä amn tag,in los angeles gsächä jugendlechi im durchschnitt vier aukohouwärbigä am tag
71,d lindä isch bis i mereri meterhöchi mit chnoä bülä und wucherigä überseit,d lindä isch bis i mehreri meter hööchi mit chnouä bülä und wucherigä ubersäit
72,dr abrschpiler bei isch blitz schnau fürä gschossä und het perchofffbau vo ändet,dr abwehrschpiler beier isch blitzschnäu fürägschossä und het per chopfbau vouändet
73,ä schtürnischä herbä bring dugwitter und chauti luft,ä schtürmische herbscht bringt viu gwitter und chauti luft
74,di dänschi reägierig wo dmitino fämber birireis vo schvedä nach dänemarkä gränkontrouuäiefüehrä,die dänischi regierig wott mitti novämber bir iireis vo schwede nach dänemark wider gränzkontrouä iifüehrä
75,so sigab in china mitdr asiaischä infraschtrucktur in westment bänk ä gägenentwurch zum iwf entstandä,so sig öppä in chinä mit dr asiatischä infraschtruktur investmentbank ä gägäentwurf zum iwf entschtandä
76,handlt sechs drbi um meh aus mo ma nachheivä angerrricht,handlet sechs drbi um me aus numä nachhiufeungerricht
77,s noubordä  hüäpunkt undiaduusigwändi ereicht mittlerwillä nämedzala vos noubortfahre tendenzeel ab,s snowboardä het si höhepunkt umd jahrtuusigwändi erreicht mittlerwilä nämä d zahlä vo snowboardfahrer tendenziell ab
78,und i schtobt eronalgo,und wi schtopptmä dr ronaldo
79,am suntig und aäntig zitwiis sunnig,am sunntig und am mäntig zitwiis sunnig
80,si schef bezechiär aus gutä fründ,si chef bezeichnet är aus guetä fründ
81,umä swöt ändlech mit der subventonierig vo ossilä brönd sctoffä ufhöä,und mä sött ändlech mit dr subventionierig vo fossilä brönnschtoffä ufhörä
82,es isch aber chumz erwartä das d nashäti rundfüfezwänzg milliardä us toller zusätzlech bechunt wo si fürdäs brojektkalkulert het,es isch aber chuum d erwartä dass d nasa die rund füfäzwänzg milliardä usdollar zuesätzlech bechunnt wosi für das projekt kalkuliert het
83,im beirt macht r dr paornäp ufem betribseigenä wese,im betriib machter dr powernap ufm betriibseigene wc
84,no bätrei hiet iticki sächsunderbis sibähunderdmeter,no betreit hie d iisdicki sächshundert bis sibähundert meter
85,s märner soztiauamt isch am mäntig vormittag fünrneä stellignam nid ereichbarsi,s bärner soziauamt isch am mäntigvormittag fürnä schtellignahm nid erreichbar gsi
86,gopola het sä  angeri uhnabhängigi schtudios aglegt,coppola hetsech no angeri unabhängigi schtudios aagluegt
87,dänä het sis ch ä nöuii extischtänzmüssä ufbuuä,dänä hetsisech ä nöii exischtänz müesse ufbouä
88,het sec für voriligi bemerki gschänt,si hetsech für iri voreiligi bemerkig gschämt
89,bring hägseivach um und brsierdermit hetzseit,bring die häx eifach um und pressier drmit hetsi gseit
90,ziet säch nieder vo erht,si hetsech nie drvo erhout
91,vilech gwinni im närchschtä kampf ei dagseit,vilech gwinni im nächschtä kampf het dr scida gseit
92,und ja isch pa ostringegaut,und ja i schparä o s trinkgäud
93,du heschnä gä und das gschputer,du heschnä gärn und das gschpürter
94,du gamts isch sollikt winä fäderä,du tanzisch so liecht winä fäderä
95,dr staudan siti rsbiegigeichugeläenk ensto,dr staudamm sötti in dr flussbiegig aicher gelenk enstoh
96,mir hän vilme rauliche daumänd ztlue,mir hän viel mit vertrauliche dokumänt z due
97,zette get in esche übal,zecke gits inzwüsche überall
98,aber der fvogel und au d koioteä und bäre sind im rezänte ekrbissefärm blibe,aber dr vogel und au d kojotä und bäre sind em rezänte leckerbissä färn bliibe
99,für ganbosimehregos sind die relatif kine a goarie gansiche problematisch,für ganz grossi meeressüüger sind die relativ kliine aquarie ganz sicher problematisch
100,eiantwort isch nid begantwade,ei antwort isch nid bekannt worde
101,noch zweiollpische mintallie und zwei weltmeister titel het dr gündepfeinigs sri laufban beänmded,noch zwei olympische medallie und zwei wältmeistertitel het dr gündepfennig sini laufbahn beändet
102,dr vorsag es odr rumänische elite understültzt warde,dr vorschlag isch vo dr rumänsiche elite unterstützt worde
103,vo de örtus isch s witer ubärts gange,vo dört us isch es wiiter ufwärts gangä
104,in juzärn hämm an istig moei hochnäbel,in luzärn hänmr am zistig morge hochnäbel
105,aber nurds ie stu sördere wird nüt ändere,aber nur d priester z fördere wird nüd ändere
106,vodäne händ säkse achü kommiunünprozänt e ross uhnschnocheräa partnerschaft,vo däne händ ganzi sächseachzigkommanün prozänt än grosse wunsch noch äre partnerschaft
107,wor au immer de polanzgi mit de neus devärg presänt isch chunszukontorverse,wo au immer de polanski mit sim neuste wärk presänt isch chunnts zu kontroversä
108,drum stöntheme wie nuchhaltikeit und seilbesbesctimig vo de lokale arffrikanische bevölkerig im zentrum,drum stön theme wie nochhaltigkeit und säbstbestimmig vo dr lokale afrikanische bevölkerig im zentrum
109,ich e überzük de vor das un de junge mensche ihri ahlige au und der breite we,ich bi überzügt devo dass uns die junge mensche ihri ahliege au unterbreite wän
110,drotzdäm het sich bim temazwuanderigt iistelig bändured,trotzdäm het sich bim thema zuewanderig d ihstellig gänderet
111,serste molssiitr ssor nün zesebene achzigachachzig gön wider alli viers bidkbestalkhogele indtschwi,s erste mol siit dr saison nünzähsiebeneachzigachteachzig gön wieder alli vier speedkristallkugele in d schwiiz
112,du wartisch bisma tosind,du wartisch bis mir do sind
113,si het em äfach tür züegnalt,si het em eifach d tür zuegknallt
114,am zistif und mitwuch nor zum teilsunnig ige mein schwiel und gwitterhaft,am zistig und mittwuch nur zum teil sunnig allgemein schwüel und gwitterhaft
115,hunderdi höischreke sitze ufem fäeilt fast ussieslich uffenander si parä sich legeeie,hunderti heuschrecke sitze uf em fäld fast ussschliesslich ufenander si paare sich lege eier
116,ä bispiel dr schffr verpoti uszühri het imrktobuzweidusigundnze für de jungis vapikenditiert,ä biispiel dr jeffrey ferpozzi us züri het im oktober zweituusigundnünzäh für die jungi svp kandidiert
117,vellicht zin wägedäm im schrebegarte im bro der holz bebasel fast mekantonsflacgezgse as schwizerfahne,villicht sin wäge däm im schrebergarte im bruederholz bi basel fast mehr kantonsflagge z gseh als schwiizerfahne
118,r jedem faul reft d mängi sofvod us der schizrichtr het gäei zit zum reagiere,noch jedem foul rüeft d mängi sofort us dr schiidsrichter het kei ziit zum regaiere
119,si sölle unde wassermangelglitte har drunt bät de sit zuder mueter gotus,si sölle unter wassermangel glitte ha drum bätte si zu dr mueter gottes
120,die erelektrischigletise hännr ghei t hermr stat gha,die erste elektrische glättiise händ no kei termostat kah
121,wo si si ernud ihhole raesi e gstohles farzüg merfacht mit vollurwucht,wo si se erneut ihhole ramme si ihr gstohles fahrzüg mehrfach mit voller wucht
122,ä kugele isch nuchnäe ihm in de bpfoste vobevorbäldach gschlage die andri hetenwit verfelt,ä kugele isch noch näbe ihm in de pfoste vo me vorbau dach gschlage die anderi het en wiit verfehlt
123,mitde nanteridet häwo,mitänander gredet hänmr
124,wens aber strümter schneit isch dr frgelig nöbewit,wenns aber stürm und schneit isch dr früehlig nümme wiit
125,äbewus derächtsoch  är aart tollurierich nit,ä bewusste rächtsbruch vo däre art tolerier ich nid
126,ar um armt sifet,är umarmt si fest
127,ie ra mado verd otzis handräkg,ihre maa do verstoht sis handwärk
128,das kalich mühet leiste  ich ihm am mänt hat dberschaffe,das ka ich mir hüt leiste will ich im momänt hart due schaffe
129,si isch and s bet vur grosoter kiga ond het gseit grossmuoaoter was hes t ufür grosi ora,sie isch an ds bett vur grossmuater ganga und het gseit grossmuater was hesch du für grossi ohra
130,alei met dr eigna forschig und entwigligschaff en armamulpis das nit,allei mit dr eigna forschig und entiwcklig schaffen d pharmamultis das nit
131,snna wind dr stetigi strom po gladna teili wo zsunna ins allent lot wirt in sitigna fält im sunnasturm,dr sunnawind  dr stetigi strom vu gladena teili wo d sunna ins all entloht  wird in söttigna fäll zu nem sonnasturm
132,diart härend sech vorischt vo hoigümper und klina eidexa,dia ernährend sich vorerst vu heugümper und klina eidechsa
133,binera biation vem gefieder feldieh schwarts sprenkklig und lekig,binara variation vum gefieder fehlt dia schwarz sprenklig und fleckig
134,s geffieder  allgeme stunkf schwarz gsi,ds gefieder isch allgemein stumpf schwarz gsii
135,bi der swiskom sint dervartiga hör als bi da andera abüter,bi dr swisscom sind d erwartiga höher als bi da andera abüter
136,s gspröch het der mit heil saigfürt,ds gspröch het dr michael sahli gfüahrt
137,wia langidistucksuacht han het dr jägerdengt und siibcksa agleiteä,wia lang i di scho gsuacht hanhet dr jäger denkt und sini büchsa agleit
138,d koschi schlucht am glichnaia fluskoschie isch bedrucgend,d koshischlucht am gliichnamiga fluss koshi isch beidruckend
139,als rästlicht versterker hend sich wissi betüacher biewärt wo in falrichtig u da al usgleit werden,als restlichtverstärker hend sich wissi betttüacher bewährt wo in fallrichtig vu da aal uusgleit werden
140,und fert gits ihn island gnuag rund opple zo viel wia hünund katza zemma,und pferd gits in island gnuag rund dopplet so viel wia hünd und katza zemma
141,neissaffäckt aa benelugsstata in eatrudr kinosglegend platz a wisdertrinkald,nicea fact zu da beneluxstaata in theater oder kinos kriagen platzaawiiser trinkgeld
142,wa könt aaneh dass strktur vu noterda grettet und din nierer gsandheit bewartzig,ma könnt aneh dass d struktur vu notredame grettet und in ihrer gsamtheit bewahrt sig
143,d schwingerhösa as stargstuck schwiz,d schwingerhosa as starks stuck schwiz
144,sit täg stönd d banander neshnelmoll dr prachtmila vuaschingten parat,sit täg stön d panzer an dr national mall dr prachtmeila vu washington parat
145,warum hend sie eilendlich dütstand ihm aluk,warum hend sie eigentlich dütschland im aug
146,das ghöritz ondraglab wöre klipolitig,das ghöri zu nara glaubwürdiga klimapolitik
147,miar sind zuakunuft und wend mit bestimma seitder si on göstinger,miar sind d zuakunft und wennd mitbestimma seit dr simon köstinger
148,d arssel dobler vu der ftpiktaber üver rast end dütlich hintteram ronnal drino büchel vu der svopetz rug,dr marcel dobler vu dr fdp liggt aber überraschend dütlich hinter am ronald rino büchel vu dr svp zruck
149,dr kadeta spieler hett abeuma genz wiarmün zlovenia soisor schloh,dr kadettaspieler het aber numa gmeint miar müand slowenia sowieso schloh
150,d scho afang sson sig dziverartonalgsi der meistertitel noch zweitusig und swölfiderzgwöa,scho afang saison sig ds ziel für arsenal gsi dr meistertitel noch zweituusigzwölf wieder z gwünna
151,a bevewitera vellsind dlaboruntersachigano usstehen,au bi viar wiitera fäll sind d laboruntersuachiga no uustehend
152,wen d maschina vorsichtig het der janzen hin zsohgfeckt,wend dmaschina vorsichtig het dr janson hinzuagfüagt
153,am suntig vod a mentig sunnigi abschnitt dr neba albewölgt,am sunntig und am mentig sunnigi abschnitt drneba au bewölkt
154,d bilder sind prezise wi e moderni prducktfotografiaiaerixusita,d bilder sind präzise wia moderni produktfotografia mit alta requisita
155,d müa hegend sich aber uszahlt hüt sind sini schof icher,d müaha hegend sich aber uszahlt hüüt sind sini schof sicher
156,geganöberg kaa sturz üs öt si sich ufgrund vum laufenda verfahra nit,geganüber kassasturzüsseret sie sich ufgrund vum laufenda verfahra nit
157,mitder ahavau strvorlag hend  ondesrot ond s parlament überd parteigrenza ussa künna überztüga,mit dr ahvstüürvorlag hend dr bundesrot und ds parlament über d parteigrenza ussa könna überzüüga
158,dia offaena saala vor letsta  seton werdi nomolso richtig strega,dia offena sandala vur letschta saison werd i nomol so richtig uusträga
159,dr eltisch is soun lehon flöhrte t ftig mittira und si ea egt bald sinem starm,dr ältisti sohn leon flirtet heftig mit ihra und sie erliggt bald sinem charme
160,no niae hanismieglustuftiwia hüt gha,no nia han i so wenig lust uf di wia hüt kah
161,ei judr zweimol hani gärtener gseh wu i m rega gschaft hend wobiri mschina gspuckt und gorbst hen,ei oder zwei mol han i gärtner gseh wo im rega gschafft hend wobii ihri mähmaschina gspuckt und gorpst hend
162,i hanmrzalto ahgluk,i han mer ds auto aagluagt
163,es isch gsi als hett imas denkmol vum sokgel gsopft,es isch gsi als hetti ma es denkmol vum sockel gschupft
164,we o pressiars ereichsh no vorsunna ufgang tstos,wenn du pressiarsch erreichsch no vor sunnauufgang d stross
165,i han gerdia da teiamosertiart,i han diar dia dateia mol sortiart
166,si spüt was du  spcsch,sie spürt was du spürsch
167,stuf eschi in abso rute zale geochonoogisch vo öppemilione bes öpe milioneor,d stufe esch en absolute zahle geochronologisch vo öppe millione bes öppe millione johr
168,aberär hed ane leder sproche,aber är hed au ned wedersproche
169,s bekant esch debivell esch sotialkedizistem wo in chinarbrobt werd,s bekanntiste bispel eschs sozialkreditsystem wo en china erprobt werd
170,schläe dreist dass enzüm schnel schadernemt ond e swusini achtibitäb verlüert,s schlächte dra esch dass s enzym schnell schade nemmt ond eso sini aktivität verlührt
171,i aldi rechtih esch danke rode vobise wälderum gäh,i alli rechtige esch dankerode vo wise ond wälder omgäh
172,die che em sch istru gur ändlert schach dre vofo gsetin,di chemischi struktur ähnled starch dere vo fluoxetin
173,dronart esch m on dans einzige profie tadberenne en tütand,d rondfahrt esch momentan s einzige profietapperenne en dütschland
174,är sch ein vode mepe grönder vom jongetüt schwierspbvelln,är esch eine vode metbegrönder vom jonge dütschschwiizer spelfelm
175,i de feräigtde state werd srade zöol a wie nachte oder noaiort tronke,i de vereinigte staate werds traditionell a wiehnachte oder neujohr tronke
176,li anedwonderdesse erbi tomhet igse,d liane hed onderdesse ehri dommheit igseh
177,szöri heist früli g fäst zächsi lite,en zöri heisst s früehligsfäst sächsilüüte
178,fueterepflanter salberah se s zemlech gros nach bulgaresch emarstäb,fuetter pflanzt er sälber ah sine hof esch zemmlech gross nach bulgarische massstäb
179,de biohdi wersität ide schwiz gonznet guet vel dierum flanze arte send gförded,de biodiversität ide schwiiz gohds ned guet vell tier ond pflanzearte send gföhrdet
180,solong mer auf tetigimeiziponkt ond meit nordenne wen bindline plüted,so luegt mer aso uf de rechtigi mäihziitponkt ond mäiht nor denne wenn d biinli ned flüged
181,för es longmeränke litsi bispelswist wörschnolkome eis on nokome awisiwer,för es longeröntge liit sie biispelswiis zwösche noll komma eis ond noll komma acht millisievert
182,de netune stäplanet o am witis te wäg esct voda sonde,de neptun esch dä planet wo am wiitiste wäg esch vode sonne
183,es mend alli teil ziild konückti verfözi om s hauptzil bervölle,eso mönd alli teilziel konjunktiv erföllt sie om s hauptziel z erfölle
184,wenigen altao ser schmol kest worte eschlotsech nöm me feststelle,wenn genau d fahne serst mol ghisst worde esch loht sech nömme feststelle
185,si shbäeicheret vell wiissi bluekhörppeli ond blue wärtli  sichanusthötte,sie speicheret vell wissi bluetkörperli ond bluetplättli wo si chan usschötte
186,nach sie promotion heder balda gfang sech em auterenspor zuewände,nach sinere promotion heder bald agfange sech em autorennsport zuezwände
187,echallerring nores zwöschehöch,es esch allerdengs nor es zwöschehöch
188,e grosse teil vomet de lon üdropadeom sonnigs ond trochnigätter,e grosse teil vo mettel ond südeuropa dorom sonnigs ond trochnigs wätter
189,es esch ramadan oi vet ine öpasbiete,es esch ramadan ond sie wett ehne öppis biete
190,das beldüder glich zitiganet zomd wä vo de schwiz onm de urnerse,das bedüüted glichziitig au nei zom wäg vode schwiiz om de urnersee
191,är wiss uf de freebarockimeistere gardawagio wosegar enmörteiseg,er wiist uf de früehbarocki meister caravaggio wo sogar en mörder gsi seg
192,vel vosicholliegesegede eiz gstorbeseitde tree,vell vo sine kollege seged a aids gstorbe seit de tree
193,die beide bläckbockst e send borge ond seled em iraldondezuecht wärde,di beide blackboxe send borge ond selled em iran ondersuecht wärde
194,damerekhamer hend s nachemstortzom diktatorsadem hussene gschaft  för rue ondshabelitäzorge,d amerikaner hends nachem storz vom diktator saddam hussein ned gschafft för rueh ond stabilität zsorge
195,s ni m vode agerestion end heiti sch elatthöch,s niveau vode aggression en haiti esch relativ höch
196,dena ost eksbertdeklärt was bes zum ändih om bonentranmsinder ai noch adpassiere,de nahostexpert erklärt was bes zom ändi vom donald trum sinere amtsziit no cha passiere
197,de marsel dobler vode fdepelidaeberrasten tütlech henderm rohandri no bechel vodäsvaup,de marcel dobler vode fdp liit aber öberraschend dütlech hender em roland rino büchel vode svp
198,om djor tusigwänti hets nohborde sinehöponkderreicht metlerwehre nähme zahlabeo weder ab,um d johrtuusigwändi het s snowboarde sine höheponkt erreicht mettlerwiile nämed d zahle aber scho weder ab
199,du  bat verenparad,du machsch es bad för ehn parat
200,dur esch wenes weitli,du rüehrsch wienes meitli
201,mängeesht chads ome wennerufacht nängschloftzi mängispotzsi sech mängi speild sie sogar jag staupfuseli oder rotzz meit de tote flügen ufem fänstersehms,mängisch esch d chatz ome wenner ufwacht mängisch schloft sie mängisch potzt sie sech mängisch spelt sie sogar jagt es staubfuseli oder rotzt met de tote flüge ofem fänstersimms
202,ferd emoligi ubeschftbeter kurer chönd zo sinikarizängo,för de ehmolig ubschef peter kurer chönnti so sini karriere z änd goh
203,ommer sel äntlech mit deent sönierig vo ho shil e brönstoff ufe,ond mer sell ändlech met de subventionierig vo fossile brönnstoff ufhöre
204,är glaupbt das bede verwandig vode halg emer alli rotdebochörpeli vertröckt wärded,är glaubt dass bede verwandlig vom hulk emmer alli rote bluetkörperli verdröckt wärded
205,blibt das so chöindglobalie erwärmig ond drükonme fet grad oder me zu enäh wartd unnepp,blibt das so chönnt di globali erwärmig om drü komma füf grad oder meh zuenäh warnt d unep
206,nach lange eond här hemerüs endt shede dech änggöltig vom verein abzwise,nach langem hin ond här hemmer üs entschede dech äntgöltig vom verein abzwiise
207,de elgrecgo hed d tfellaössi belder ond borter es usgmalt,de el greco hed vell religiösi belder ond portraits usgmolt
208,em fomillie drama werde stürie beportretiert bo bescholdigedwert bestächigsgälderagnata,im familiedrama werd en stüüritriiber porträtiert wo bescholdiget werd bestächigsgälder agnoh zha
209,spräce betone dass es ned dromgieng scholdigitznene send d ufkärig voraztribe,sprächer betoned dases ned drom gieng scholdigi z nenne sonder d ufklärig voraaztriibe
210,ich moche di grät zsadpraupe si,ech mache die grät sälber ond verchaufe sie
211,sie schnorte emmerme sie gstreichlet hed,sie schnurrt emmer wemmer si gstreichlet hed
212,ech loges em otoah,ech lueges em auto ah
213,s belbernech enegradskizier da isch häslech l se ehre,es länged wenn dus grob skizziersch
214,är hets bischets immer bfört,är hets bes jetzt emmer gspört
215,onderes heder sesch em ablauwat,onderdesse heder sech em applaus badet
216,eisbiispil amason isch als glaabüterdezue übere gange selberkombutertschipzentwerfe und s broduzierre seit de buchmand,eis biispil amazon isch als cloudabüter dezue überegange selber computerchips zentwerfe und zproduziere seit de buchmann
217,einzelni brocke werded au wesetlichwiiter kranzprtiert,einzelni brocke werded au wesentlich wiiter transportiert
218,grund gedanke vo delweglig isch dass dd twaffegliichheit dwüschet de pateie eher gwart bliibt,grundgedanke vo dere reglig isch dass demit dwaffeglichheit zwüsched de parteie eher gwahrt bliibt
219,si sind mit ticht vochnüpft de franze als audicke kuaste voziert,sie sind mit dicht vochnüpfte franse als au dicke quaschte voziert
220,ivrosttlürch werdetie au als kaulkuappe bezeichnet,bi de froschlürch werded die au als kaulquappe bezeichnet
221,zusätzlech vostortter tavns vode oubi in gege neu am afang nöd,zuesätzlich vostoht er davance vo de ruby ihm gegenüber am afang nöd
222,er het glichzitigakitisiert dass de damali koschtegünstigisiger krippen vonsab us de evaluation usgschlosse wodeeg,er het glichziitig au kritisiert dass de damalig chostegünstigi sieger gripen von saab us de evaluation usgschlosse worde seg
223,bsundose egestängel über de winterstor gloh werded wil de distelfink frist zorme,bsunders wenn ihri stängel über de winter stoh glo werded will de distelfink frisst dsome
224,de aueschuetz isch dore volksabstimmig nünzedrüenüns gentstande,de aueschutzpark isch dur e volksabstimmig nünzehdrüehnünzg entstande
225,si t zwetusigifzehlebezi wild und ohni zuetue vumne imker,sit zweituusigfüfzeh lebed sie wild und ohni zuetue vomne imker
226,lutdebünt no jaktvorschefte dorf ven jekoprojor achthaseschüsse,lut de bündner jagdvorschrifte dörf en jäger pro johr acht hase schüsse
227,schutzbläch isch aberge,sschutzblech isch abgfalle
228,wie kunkeh dbvor bereitige ide kantön usgoronavier us usgset isch enterschidlech,wie konkret dvorbereitige i de kantön uf scoronavirus usgseht isch unterschiedlich
229,i de schwiez wir dedbr jo viertusig doemedi kamentd enzogt,i de schwiiz werded pro johr viertuusig tonne medikament entsorgt
230,deensche wo sich de umgang mitzötig neprofiaskenöt gvonzind chönte zi soga e zuesetzlechsrisi kodarstele,für mensche wo sich de umgang mit sötigne profimaske nöd gwohnt sind chönted sie sogar e zuesätzlichs risiko darstelle
231,amason wöd kuant um komputing selorfähigmache,amazon wott quantum computing salonfähig mache
232,es wir zusch d bewölkig imoste lockreid of,es wird sunnig dbewölkig im oste lockered uf
233,mornalledings heitst inzug den duch daprilsune wieder ih,morn allerdings heizt in zug denn doch daprilsune wider ii
234,di beide bläckboke ind geporge und sölledi miran untersuecht werde,die beide blackboxe sind geborge und sölled im iran untersuecht werde
235,alkol döttetiohrlech drmillione mensche seitt wea dabak ser achtmillione,alkohol tötet jöhrlich drü millione mensche seit dwho  tabak sogar acht millione
236,ussodem werded d mensche i nodkorea talwis däglich stundelang politi gshueld,usserdem werded dmensche i nordkorea teilwiis täglich stundelang politisch gschuelt
237,dezuesihe de becki flachwasser zone gshaffe,dezue sind i de becki flachwasserzone gschaffe
238,nul kanzkenze und zweituusig trü hundert meper,nullgradgrenze um zweitussigdrühundert meter
239,di riche werded immerreiichar die ae immer ermer,di riiche werded immer riicher di arme immer ärmer
240,schwizsid füfjer s freihandels abkrome mitt crina,dschwiiz het sit füf johr es freihandelsabkomme mit china
241,eist mi vorderet lade infrastrucktuduechus,da heisst mir fordered dladeinfrarstruktur durchus
242,aisbspil e cafi fipozi usziri het ihm oktober zweituusigünze für di jungsvop kandidiert,eis biispil de jeffrey ferpozzi us züri het im oktober zweituusignünzeh für di jung svp kandidiert
243,sborteffei es schlarveland für musiggebhaber,spotify  es schlaraffeland für musigliebhaber
244,dstürig vo de motore oder de chüelsistem hend stüdente selbepogamiert,dstüürig vo de motore oder de chüelsystem hend dstudente selber programmiert
245,d schwii zo wirtschaf hoftsich vo däm de abbau vo zöll unde handusbeschränkige,dschwiizer wirtschaft erhofft sich vo dem de abbau vo zöll und handelsbeschränkige
246,de plan isch voregloh wode,de plan isch falle gloh worde
247,no varem auebau ish sini vamile mit imu fesbelin gflue,no vorem mauerbau isch sini familie mit ihm uf westberlin gflohe
248,si ghochet inm criexsvellamnebanere wo iranze zumnebaner voreinigt het,si ghorched im chriegsfall amne banneret wo ihri lanze zumne banner vereinigt het
249,neia het sich hetzaltmol dötane ghockt,nei er het sich jetzt halt mol döt ane ghockt
250,i m in bfuschi doine bisine wo nöd usgstande isch,i mein pfusch i do in öpis ine wo nöd usgschtande isch
251,so stricksctu anm babi keiaimitze wi minialtmarm immer gseit het,so stricksch du dem baby kei neui mütze wie mini alt mum immer gseit het
252,e zwinkhei entscheide bevord bereibi,erzwing kei entscheidig bevord bereit bisch
253,woas och e den do,wa suechsch du denn do
254,de spiler het er reiseschtresnadem spielnigs üsgmacht,de spieler het der reisestress nah dum spiel nix üsgmacht
255,zsnöschadiki t hagel voffbis drmilimeter,zneuchatel kit hagel va füüf bis drii milimeter
256,aber derwartig itschtes di digitalteliffonidi gliich glöibwürdikeit und frallum stabili täthet wiet dana logteleffoni,aber derwartig isch dass die digital telefonie die glich glöibwürdigkeit und vor allum stabilität het wie danalog telefonie
257,di eifi vaner feiscterbankha va geböe zibde warieru,die teifi vaner feischterbank cha va gebäude zu gebäude variieru
258,mit hilfva ihrusch ghörsiänent schischisch im dunkloperfektoriunt tieru,mithilf va ihrusch ghörsinn chännunt schi schich im dunklu perfekt orientieru
259,archä sen,starche föhn
260,ufnu fäst iner willa klauter ant unes wärdfols farzig,ufemu fäscht iner villa klaut der anton es wärtvolls fahrzig
261,o guaffer shtet bim wäsche hinner ie,der coiffeur steit bim wäschu hiner ihm
262,züedem hetmono in jenerzit in gliechtu steiner füesspalnationalmantschafüeffu,züedem het mu nu in jener zit in dliechtusteiner füessballnationalmannschaft berüefu
263,wenü üsachust gangsitzam und löf ni fan wäg ab,wenn dü üsachusch gang sittsam und löif nit vam wäg ab
264,hitu chanich feister un porte offola es chundken fleiga i,hitu chan ich feischter und porte offu lah es chunt küm en fleiga ih
265,um die bodiwersit täriner schwiz stez nit güet vill dierum flanzoarte sind gfärdut,um die biodiversität iner schwiz steits nit güet vill tier und pflanzuarte sind gfährdut
266,zo kihrt di grundbsitzeriisa bella branwal der hittu nie traktor und töfkrach sunder zwacku va löibfresch,so kehrt die grundbsitzeri isabella braunwalder hitu nimme traktoru und töffkrach sodern zquaku va löibfresch
267,schrifti ch lwät schi la miteila mo stäg i ängug üstüsch mit dum bundesamt ver gsuntheit,schriftlich lähnt schi lah mitteilu mu stäge in ängum üstüsch mit dum bundesamt fer gsundheit
268,nau  der gsuntesversorgigspräund shi tema wi e mobilität öffentlichi sicheheit wohnu und sowiterah,näbu der gsundheitsversorgig sprächunt schi theme wie mobilität öffentlichi sicherheit wohnu und so witer ah
269,im negschtu jahr sol häntdtracking der ze cho,im negschtu jahr soll handtracking derzüe cho
270,z abfieru vaneraget erfolgt oberzituflächi vom farzig,zabfiiru vane rakete erfolgt uber dsituflächi vam fahrzig
271,dachlaglitut ufvolksverhetsig und verbreitigfa propaganamatrial va derfassigsfeindlichu organisatione,dahchlag lütut uf volksverhetzig und verbreitig va propagandamaterial va verfassigsfeindlichu organisatione
272,zweitsterch stiparti isch zozialdemukratisch arbeitparti vo titschöshtricho,zweitsterchschti parti isch dsozialdemokratisch arbeiterparti va ditschöschtrich cho
273,fah da isch s witzüfärzgangu,va da üs ischs witer üfwärts gangu
274,d maria wird betöiptun e bstel gfahru,dmaria wird betöibt und zer baustell gfahru
275,ä sind d wolkenurzum elinubärge voder zentralund osct schwitz un nortbündu,zäjer sind dwolke nur zum teil inu bärga va der zentral und oschtschwiz und znordbündu
276,am samsta chunstöi immer chelter und bisem abo gisch de floke bi s in sflachland,am samstag chunts öi immer chelter und bis emabu gits de flocke bis ins flachland
277,der zögit sim sidu veliesparkwelwolke öi uber du bärge aberiblibund harmlus,derzüe gits im südu veli es paar quellwolke öi uber du bärga aber die blibunt harmlos
278,im wallis gits s par gresseri wolicke,im wallis gits es paar gresseri wolkulicke
279,na jue sangatione gäwuch hanei hent dass bewise,dnöiju sanktione gägu chamenei hent das bewiesu
280,zo plant der us üzu minister meik pompo es wältwizpüntnis gägu das land,so plant der usüssuminischter mike pompeo es wältwits bündnis gägu das land
281,wir disnsilnes jfgetieränrat diegigjfatiw dezäpää piä,wier hei zbrasilien es fragmentierts parlamänt die gregscht fraktion het zäh prozänt vane sitza
282,hoff he die efüsländisch dacheiferfaueride,hoffet ier öi üf üsländischi chöifer va ewer idee
283,vor derbundespresitintin si munettas um aruga rede derwe ifgunder klaus scwab,vor der  bundespresidäntin simonetta sommaruga redut der wefgründer klaus schwab
284,der an drias fätet aner wm vane ringerz kasachstan fer es üsrievezeichu gsorgt,der andreas vetsch het aner wm vane ringer zkasachstan fer es üsriefezeichu gsorgt
285,ch weis dass sü dass nit wilt das s ch ind iner verganguheit wiehlu u das han nöinie gmacht,ich weiss dass dü das nit willt dass ich in diner verganguheit wiehlu und das hani öi nie gmacht
286,wen tieri üs nahzuch de stammunt haltdi akuarie verelatifknproblematisch,wenn tieri üs nahzuchte stammunt halti aquarie fer relativ unproblematisch
287,hols isch es vertruzmateriahl udöi eis waschön cha oltru,holz isch es vetruuts material und öi eis wa schön cha altru
288,wöns stroverbrchtisch rutschts va e lei immerwiter i berich mit betobodu,wenn zstroh verbrücht isch rutschts va ellei immer witer inu berich mit betobodu
289,es gäbä zwenig wisseschaftglichi bewisa das d flaneschutzmittelch rebserzig hets damalsgheisse,es gäbe zwenig wissuschaftlichi bewisa dass zpflanzuschutzmittel chrebs erzige hets damals gheissu
290,so isch im wallis di kantonstraseischu zanias unt zermat gspert gsi,so isch im wallis die kantonsstrass zwisch zaniglas und zermatt gsperrt gsi
291,in achstock vam aba hüs und flädermischwipplini und zi en da ihruschiunguüf,im dachstock vam ahbau hüsunt flädermischwiblini und ziehnt da ihrusch jungu üf
292,dü malsch dass ja änzbüs,dü malsch das ja änz bunt üs
293,der mülwurf grabut schiduch däeda,der mülwurf grabut schi durch därda
294,du geschlislig uer de achbodu,dü geisch lislig uber de dachbodu
295,richha ich ladich geztlot,richard ich lah dich jetz los
296,ha öi jam ramt upf gnascht meischter,ha öi amu rahmtopf gnascht meischter
297,i stossodmaascha drch di gägend die kidou und schlaht mit dum chupffgägu änglas desch,schi stossut dmarsha durch di gägend di kit um und schlat mit dum chopf gägu en glastisch
298,wis e sparerdä mit de erit tas oen huffe gäld,wiso spart er dänn mit de marita sonen huufe gäld
299,inethjopie grüessi me sich biage kontackt är we mer sich nöd käni,in äthiopie grüessi mer sich bi augekontakt au wenn mer sich nöd känni
300,abe het auned irsproche,aber er hät au nöd widersproche
301,d elprivatisierig hät khei uswürkige ofs interaenahle gschäfft,d teilprivatisierig hät kei uswürkige ufs internationale gschäft
302,ide jahr nach d unnobhäinggkeit het sech im bundi zuenähmend es chas usbreitet,i de jahr nach de unabhängigkeit hät sich in burundi zuenähmend es chaos usbreitet
303,de grungedanke vo däre regig isch dass dademih d waffeglicheizwüschtde partäe gwoat wirt,de grundgedanke vo dere regelig isch dass dademit d waffeglichheit zwüsched de parteie gwahrt wird
304,de dep isch n öbei nicknolte au usfüer en debrodezänd gsi,de depp isch näbedem nick nolte au usfüehrende produzent gsi
305,die chemisch stuck duur ähndlet starchtäreä vo fluegsetin,di chemisch struktur ähndlet starch dere vo fluoxetin
306,si wärde trainell am dunstig vor em ascte nitwuchgässe,si werded traditionell am dunstig vorem aschermittwuch gässe
307,ide folgenahr isch es zum ifacha bründerige durfranzösischi truppacho,i de folgende jahr isches zu mehrfache plünderige dur französischi truppe cho
308,de fal hauert ischnelwsheitere himmel passiertt er hatd vilmeh en sistem färdber ufteckt,de fall hauert isch nöd us heiterem himmel passiert er hät vill meh en systemfähler ufdeckt
309,bunsrät t räet zowietischi und russischi minister,bundesrät träffed sowjetischi und russischi minister
310,ugslülggtetxxtt,e million arte sind momentan vom ussterbe bedroht
311,vorallem häte sich aber ennamea al spezerist noimusiggmacht,vorallem het er sich aber en name als spezialist für noi musig gmacht
312,ufvi hätde sich zm könig usrevelah,drufhi hät er sich zum könig usrüefe lah
313,er isch mit ründer vom lettische pue veband gsi,er isch mitbegründer vom lettische pureverband gsi
314,die masna zur verbesserig vo deerärigslag isch der bure lobiufidestand gstusse,die massnahm zur verbesserig vo de ernährigslag isch ide puurelobby uf widerstand gstosse
315,dadbi isch zin glnge erebellische ba rön spalte und nachenand zbesige,dadebi ischs ihm glunge di rebellische barön zspalte und nachenand zbesige
316,d hrittiker werfet de regiigpinkaschingfor,kritiker wärfed de regierig pinkwashing vor
317,de uspresiänt on eld tramp hät se fdas zehrschmitroige reagiert,de uspresidänt donald trump hät uf das zerst mit drohige reagiert
318,de sächefüfzgiärig wil für deftpde ständerazitz vom parikho leg jachim eer wod zruckträtet verteidige,de sächsefüfzgjährig will fürd fdp de ständeratsitz vom parteikolleg joachim eder wo zruggträtted verteidige
319,di scif vo lälderach ischwägsinre christlich öberzügig ass frauefeinlich ond homo vopetzänet worde,de chef vo läderach isch wäg sinere christliche überzügig als frauefeindlich und homophob bezeichned worde
320,jaet natüllische sin nationals ränne sch bezelli useforderig,ja natürli isch es internationals renne e spezielli useforgerig
321,na hät si g sei und luterbrüeled,nei hät si gseit und luter brüeled
322,aber er hät id widersproche wo si sich gweigeret hät,aber er hät nöd widersproche wo si sich gweigered hät
323,ich viel nöt dass du na iter mitinnere mue terstript isch,ich will nöd dass du no witer mit dinere mueter stritisch
324,am zistig und miuch nur zum steil sunnig algemeinschwül und gwittrig,am zistig und mittwuch nur zum teil sunnig allgemein schwül und gwittrig
325,d schneflock achse dus sächsegige iskristal,d schneeflocke wachsed us sächseggige iskristall
326,si mo netta sumar ugaich bin sehr froh und dankbar für d arbet im ständerad,simmonetta sommaruga ich bin sehr froh und dankbar fürd arbet im ständerat
327,de isch bi klipolitische frage er ufdklötz,de isch bi klimapolitische frage eher ufd chlötz
328,es gebizenig wisseschaftlichi bewis dass bflanzeschutzmittel chräbs git häts dazumalgheisse,es gäbi zwenig wüsseschaftlichi bewis dass s pflanzeschutzmittel chräbs git häts dazumal gheisse
329,im kanteonargä chame drum keintstatlandgrabe gse,im kanton aargau chamer drum kein stadtlandgrabe gseh
330,de ellgrekko hät d vilereigiösi bilder und bortreissusgmat,de el greco hät vill religiösi bilder und portraits usgmalt
331,de sos hät behaubtet das s in uftrag vom fäckelten im d kontolle über alli schlittaktiwitäte ge hät,de joyce hät behauptet dass sin uftrag vom shackleton im d kontrolle über alli schlitteaktivitäte geh hät
332,d habtawändig isch gege breitblei uchrüter widistle chrot depösche winde und storch schnabel gchtet,d hauptahwändig isch gäge breitblättrigi uchrüter wie distle chrotepösche winde und storchschnabel grichtet
333,de säm hät si nase grie,de sam hät sich d nase gribe
334,ich stibizi nus de voratschamer,ich stibitz ihn us de vorratschammere
335,er sch es wor chindklaut hät,er isches wo oises chind klaut hät
336,drungsttrthau hi und  ab,drum stürz ich au hi und da ab
337,sie oberfläche isch unebe gsi,sini oberflächi isch unebe gsi
338,in melbn ischerim halpvinal amowak scoko witst gscheitzet,in melbourne ischer im halbfinal am novak djokovic gscheitered
339,das gäl zöll lud barmelan scho das janwigsetzt werde,das gäld söll lut parmelin scho das jahr igsetzt werde
340,de hetgis sini ufegi bim kcrlima sts nöt gmacht,de hegi sini ufzgi bim klimaschutz nöd gmacht
341,und versicheretti u vir das zaend,und versichereti wo für das zahle münd
342,sbovelige kurchus hä is varchurzm lime zude iebahnbast,s boufellige kurhus hät bis vor churzem nüme zude noie bahn passt
343,s unter näme erb um neoichunde,s unternehme wirbt um noi chunde
344,wo häsch si is versteckt,wo häsch s chies versteckt
345,fänsteruskunnstoff chönd sehrändlich usgsewi holzigi fänster bi uf de olie flächi holtscocktur abockt werde chan,fänster us kunststoff chönd sehr ähnlich usgseh wie holzigi fänster will uf de folieflächi holzstruktur abdruckt werde chan
346,dän isch si als ussakorespondäntin uf semfernsisgvog gange und isch korespondäntin i de vesti zgsi vo si zrukisch,dänn isch si als usakorrespondäntin uf san francisco gange und isch korrespondäntin ide westschwiz gsi wosi zrugg cho isch
347,zuesälich häts villerson ölliwächselgeh,zuesätzlich häts vill personelli wächsel geh
348,di end au meus,die gänd au meh us
349,die flinsti beteiligung händ kontön uuri mit z weidris prozänt glar us smitteedrisg prozänt ond apbezäll innerode mit vieredrisg prozänt gha,di chlinschti beteiligung händ d kantön uri mit zweiedrisg prozänt glarus mit drüedrisg prozänt und appezell innerrhode mit vieredrisg prozänt gha
350,bernn arge graubinde mäldete birekörd,bern aargau und graubünde mälded noi rekörd
351,dia hätschte sänch  au de zueschlag ibercho,die hät schlussändlich au de zueschlag übercho
352,er dasmüssed erheblichli sicherheits bedänke dasi wi zumwist bilenstorm,für das müssted erheblichi sicherheitsbedänke da si wie zum bispil en sturm
353,ide gshricht vode superlig häets achtdspiltä gäh wo viert partie unintshe usgange sind,ide gschicht vode super leage häts acht spiltäg geh wo vier partie unentschide usgange sind
354,d cohl vode berlinner falledvor nachgüetgithell vode gäst geber,d goal vode berliner falled aber nach güetiger mithilf vode gastgäber
355,ide rigespiel stöntrüpartiegägetims a wonom plejofs känmpfed,i de übrige spil stönd drü partie gäge teams ah wo no umd playoffs kämpfed
356,pollitikbeiflussieri arbed nötd wüsseschaft,politik beiflussi ihri arbet nöd d wüsseschaft
357,bi de nafellig we e vorsichtig und schüc,bide nahstellig wird er vorsichtig und schüch
358,nö bruch sif zätel und gfläppand,mer brucht stift zättel und chläbband
359,d fraue beahrbeidet tälder und mache krälli schmuck wo si de turiste verchaufed,d fraue bearbeitet d fälder und mached chrällelischmuck wo si de touriste verchaufed
360,si ei sch alls vezierig entwerrediräkt oder mitere kordla de paagmacht,si isch als verzierig entweder direkt oder mitere kordle ade chappe ahgmacht
361,z vorbilt fürdass bjekt isch am marsel düschan siss schachtel ihm koffer gsie,s vorbild für das projekt isch am marcel duchamps sis schachtel im koffer gsi
362,de grösti betri bishmolke si,de grössti betrieb isch e molkerei
363,egaui fesstleig vom strck verlauf isch obenonig beschlosse worde,e gnaui festlegig vom streckeverlauf isch aber nonig beschlosse worde
364,de inneri frite in ängland isch aber nur obefächlich gsi,de inneri fride in england isch aber nur oberflächlich gsi
365,debund in friet über goronawirussi twationüde schwiz,de bund informiert über d coronavirussituation ide schwiz
366,hnamit dematureend amenzistigtzerwarterr,ahgnähmi temperature send abem zischtig zerwarte
367,bät föder dossmoter dange ond zeit osem höt de vaseste frgoziore,sie esch as bett fode grossmuetter gange ond gseit grossmuetter was hesch du för grossi ohre
368,gitnin end jorgäng wosertnitlidetiordäfä el ni emmertinbtifenif,es geht anschinend johrgäng wo sech ned jedes johr träffe well niemert dinitiative ergrifft
369,ftwener et zond zwoi alpbtriebenigergehn doch ei ele het si shusmetlerwilef chuft,früehner het sno zwei alpbetrieb weniger geh doch ei älpler het sis hus mettlerwile verchauft
370,evölld drechtineg vome amoberölos,die erföllt drichtlinie fode who mühelos
371,deek edech buech beene bee beie en bebebechr ondebawegte,de jack triebt es böses spel met dene beidne ond tötet es paar onbeteiligti
372,e eättife enufgräge weruigi en gleidigint dodened inm mätieruugwöt,en grossi azahl fo sine uftraggeber esch jüdischem glaube gsi ond dodemet em naziterror usgsetzt
373,bede hwelcagechenne düntebirchiang gnade,ede hochlage chönne dwenter dorchus sträng wärde
374,beforde  ach elsde werdachoesch escher em sächiescherot ond stalalder fomärseborese,bevor de nach elsterwerda cho esch escher em sächsische rot ond statthalter fo merseborg gsi
375,sschissme het dodure aui morde izokalten dheteen zeit,sschisma het dodore au em orde izog ghalte ond het de entzweit
376,die sentemmet deckferschnöpti franze so wiike kuateverziebert,sie send met decht verchnüpfte fransle sowie decke quasle verziert
377,au se et leterwärasgnösberwändi,au sini blätter wärde als gmües verwändet
378,bzsonde siede rommantie häntigrüene chönne bfonkhte,bsonders ede  romandie händ die grüene chönne ponkte
379,eusgank vode scasrofttallehdkante gänf esch offe,de usgang fode ständerotswahle em kanton gänd esch no offe
380,disdächsedit jöhriges vanenänei,die sächsedrigs jährig zieht es parlamänt ih
381,patric honstetter klinmaschotzektbäte bewewef schwiz esch ader entüst vode konferänz in madrite,patrick hofstetter klimaschotzexperte be wwf schwiz esch aber enttüscht fode konferenz en madrid
382,zobdenskbrurff tüm ond a kltivepolitik bsert veri bare,so lönd sech bruef studium ond aktivi politik besser veribare
383,är eden egneid bebikibuch in gochuchknugä,er het en scher gno ond de decki buch vom wolf ufgschnette
384,ede letschte däkg sin ehne au schtrallie zwarschtorzfluet on drisgi hage chöener vom hemel gheit,ede letzte täg send in australie zwar storzfluete ond riesigi hagelchörner fom hemmel gheit
385,aobersomdeeieegi eella ond oldi en fontfe,obwohl de sommer verbi esch zerpe grelle ond heugömper om dwett
386,om biodivesite schwitz sotsnegguet veligier ond flansarte send gördet,om dbiodiversität ede schwiz stohts ned guet velli tier ond pflanzearte send gföhrdet
387,dievs iscth halsso gnanti spracht zu tek enschin gsprochnig siächtiti tegstt kommentiere,deep speech cha als sognannti sprachzutextengine gsprochnigs e ächtzit e text konvertiere
388,wenn genaut flagge zom ersctemolghesseword esch loht znöme lofeschtstelle,wenn genau dflagge zom erschte mol gheisse worde esch loht sech nöme loh feschtstelle
389,au emeno uftreänlech het si glo eättrentleche noedig,au emene ufdrengleche zitgnoss seit er ändlech emol dmeinig
390,doterfabheter sich zgloschrüffe,dodrufabe heter sech zom könig lo usrüefe
391,inden aupfopoezgittelledibetrofe stele a wäbe de häis rot ond bekobelbottbre,innerhalb fo chorzer zit schwälle die betroffene stelle ah wätrde heiss rot ond möche blottere
392,endjet sech räcignreschtsrömewe störigebesesnetemeromene gre,mer händ jetzt e chräftigi nordweschtströmig wo dstörige jetzt bes e mettelmeerruum inebrenge
393,de jurah ond ad voralteregeblibesunnig,de jura ond au dvoralperegione bliebe sonnig
394,i elehtsuceneberhenfetis siggäsch de barosal obestefiree,jährlechbsueche öber hondertdrigtuusig gäscht de barocksaal fode stiftsbibliothek
395,ui gurer aber au kaso stane datare oe kirgise,uigure aber au kasachstane tatare ond kirgise
396,ich befföene gschlage ond dranktassiert worde goptvelon,ich be fo ehne gschlage ond dranglasiert worde globt ond belohnt
397,de dhecnighärgt iseträden debägebenterneine en dini icte wirentikli end deech verhäifeänd,de technopark esch es paradis för startuponternähme ond jongi töftler wo erere entwecklig zom dorchbroch verhälfe wänd
398,es egibsi abere gbssischdeposevellifurene anzkolegt träffe wen au i chorzu zit,es seigi för sie aber e grossi chance velli fo erne amtskollege zträffe  wenn au e chorzer zit
399,sonder losträtte vo jugendliche wo ets grossi pardeii es schwezerbringe,sondern losträtte fo jugendleche wo jetzt grossi parteie es schwetze brenge
400,eäbi gäg d näeaten  nüch bwien ein wägtöfeebinde ferdeen verwictägligenunduchwä glögä,srf begleitet snationalteam hutnöch dor dwm ond zeigt exklusiv belder fode schwizer liechtatlethinne und liechtathlete
401,eneade em rofe,ond es wartet niemert of dech
402,echamen häetigeinedestellewedee es wärdieärochhe,ich chan mini härztätigkeit ned ihstelle wenn du brüellsch als wär dis härz broche
403,er isst meemmer aleswägg,er esst mer emmer alles weg
404,hes sen t bäneshschaftwähswälter gsi wo daeech beas ehein,es send dbärner chraftwärch sälber gsi wo dabschaffig beschlosse händ
405,efteben hetet di ägel ond höpe bee ond wächegüert,osserdem häter sie ahgschroue ond het de prozäss onsachlech gfüehrt
406,e eha milietrama weren stritriebpoteretwert wo bescoldigwert besctächig selderagnaosh,idem familiedrama werd en stüritrieber portraitiert wo bescholdigt werd bestechigsgälder ahgno zha
407,e meise le eiallöt send die brobietholde,die meiste szene ond dialög send improvisiert worde
408,ibie das s stüpebachet her erounamipossere,ich be das stöck grad nach minere lune am improvisiere
409,een iegeechwede het mie glächedond ed absouti ewei und finoleichltikei,er het nie glert rede het nie glachet ond het absoluti sexuelli ond finanzielle glichgöltigkeit zeigt
410,er ig nemer we lofari macheeeplohe,er esch nöme velo gfahre well sis födli weh do het
411,den het t atebrbe,sam het sech dnase grebe
412,ghen au eso hani gloni dersti gseha,genau eso hani gluegt woni de ersti gseh han
413,äre bänditeck endenti vode länt hänetibe öcfedenechnechwuckicinde un bebegen,er het dhand usgstreckt ond em schien fode lampe hani gseh dass zwei fo sine chnöchel ufgschörft send gsi ond blüetet händ
414,des greel ie gste,usglehnt hanis ned gstohle
415,wensaerstüeches cnet ische fegrit,wens aber störmt ond schneit esch de früehlig nöme wit
416,e tanz int büedem vode ara,sie tanzt met jedem wo deför zahlt
417,me wä e waschinlch alli unbeolfer sie,mer wärde wahrschindlech alli onbeholfe si
418,ugebüpt üser haut wond zwartetig nai,d sunnä blibt üs erhautä und zwar bis mitti nami
419,oderhutcchontackt misch denä ö isch gsundheitlech un bedängli,o dr hutkontakt mit denä öl isch gsundheitlech unbedänklech
420,de wärdä bsunderst dachbaukä und beschtanteileä ver bärkitä probizierk,dert wärdä bsunders dachbaukä und beschtandteilä für bärghüttä produziert
421,ä isch eine voä mitbegrün vom jungä dütschwizer schpeuveum,är sich einä vodä mitbegründer vom jungä dütschschwizer schpiufium
422,aus frohetie sich d müglächkeit vorä habilitation nüsä ekämfä,aus frou hetsi sech d müglechkeit vorä habilitation müesse erkämpfä
423,d bahrbiuz escht fürmereiä vu ibier ahrtä ser grlüntäc umerswuecht wordä,d paarbiudig isch fürne reihe vo tierartä sehr gründlech ungersuecht wordä
424,schnäueischer idi damelicgi bolk nä in dekriert wortä nd disch fumäenä bekantä fingethikitarischt wordä,schnäu ischer idi damaligi folkszenä integriert wordä und isch zumene bekanntä fingerpickinggitarrischt wordä
425,lut em wirtschaftsediker toas beornäer wärdä ungernähmä zuenämt zupolitischä aktörä,lutem wirtschaftsethiker thomas beschorner wärdä ungernähmä zuenähmend zu politischä akteurä
426,ä isch bwaut vorä trotzdepevizit wo ihmsi agbaschtert wort,är isch gwäut wordä trotz dä defizit wo ihm si aaglaschtet wordä
427,drogmuetrun grothäppli düeg näppin oue,d grossmueter und s rotchäppli die schnappimer beidi
428,dass igi besser chat gsee,dassi di besser cha gseh
429,lanwörtschaf flächä bräg landschaft ds but vom schwizer mittuland,landwirtschaftsflächä prägä s landschaftsbiud vom schwizer mittuland
430,breift dlätriknarutz diä orhieä schiiz gschützt,breitblättrigs chnabächrut  die orchideä isch ir schwiz gschützt
431,wo obstpöim stö cha i regemäsig garsäscögu wi der farerot schwant oder deschfächt beobachtisch wärdä he,wo obschtböim schtö chöi regumässig gartävögu wi dr gartärotschwanz oder dr schpächt beobachtet wärdä
432,äggnabu gaup ustmät bidm patbet überwis,ä knaugäubä schmätterling flatteret überd wisä
433,die triskd atmettergrosi dandwitschafe öimer nid nach natuurschtutzlie erbuchplikg,die drissg quadratmeter grossi landwirtschaft chöimer nid nach naturschutzlehrbuech pflegä
434,e figeniträte verwösfeschaft wemetodä vod konlementärmegisin wseschafle eforsct würde,es sig im inträssä vor wüssäschaft we methodä vor komplementärmedizin wüssäschaftlech erforscht würdä
435,ab mizädrüesächzg isch verändich voradium verbotä worchätht,ab nünzähdrüäsächzg isch d verwändig vo radium verbottä wordä
436,im loenshelles gsächä jogendlechi in durcschnid fvier aukoho wärbigä and tac,in los angeles gsächä jugendlechi im durchschnitt vier aukohouwärbigä am tag
437,d lindä it schpis i merderi metebwöckhi mit knouää und wuchäribä übegsnäit,d lindä isch bis i mehreri meter hööchi mit chnouä bülä und wucherigä ubersäit
438,dr aberschpel derbeäe isch rit schnau füre gschossä und het per chopfbau vo ändet,dr abwehrschpiler beier isch blitzschnäu fürägschossä und het per chopfbau vouändet
439,ä schtörnischä ebscht brigtfi gwitter und chautuft,ä schtürmische herbscht bringt viu gwitter und chauti luft
440,die dänschi regierig wo d mitti no fämber biiis vo schweedä nach dännimark i der gränzkontrouä ifüerä,die dänischi regierig wott mitti novämber bir iireis vo schwede nach dänemark wider gränzkontrouä iifüehrä
441,so si göp in chiina mitdr asiatischä infrastrucktur in weebänk ä gägenentwurcht zum iwäffä ntschtandä,so sig öppä in chinä mit dr asiatischä infraschtruktur investmentbank ä gägäentwurf zum iwf entschtandä
442,handlet sechs drbi um meh au oma nachhevä ungerechtt,handlet sechs drbi um me aus numä nachhiufeungerricht
443,nouorgä heiti wätunkt und iäh dudig wändi ärekt miterwillä nämettalä vof nouporäretundinpiel äk,s snowboardä het si höhepunkt umd jahrtuusigwändi erreicht mittlerwilä nämä d zahlä vo snowboardfahrer tendenziell ab
444,u e stobtme derlalldo,und wi schtopptmä dr ronaldo
445,am unnteg ammäntig zwitwis sunnig,am sunntig und am mäntig zitwiis sunnig
446,si schef bezsechät däraus gu rnd,si chef bezeichnet är aus guetä fründ
447,umä s öt änlich mit drsugventioniei vo vossibröndschtoffä ufhörä,und mä sött ändlech mit dr subventionierig vo fossilä brönnschtoffä ufhörä
448,es isch aberchumz erwartä das dnashät di rundfüvezwänzgmiliardä us soller zuesätlech bechund wo si fübes projektkckulierät,es isch aber chuum d erwartä dass d nasa die rund füfäzwänzg milliardä usdollar zuesätzlech bechunnt wosi für das projekt kalkuliert het
449,im betrrit machtr dr pouerenä umtrseigenä wetzi,im betriib machter dr powernap ufm betriibseigene wc
450,no betreit hi isticki sächshunder bis sibä hundert meter,no betreit hie d iisdicki sächshundert bis sibähundert meter
451,s bärder soziau isch am mäntig vormittag vürne stellignam nit ereichbar gsi,s bärner soziauamt isch am mäntigvormittag fürnä schtellignahm nid erreichbar gsi
452,gopa het sech no angeri onabhängigi schtudios ahhgluegt,coppola hetsech no angeri unabhängigi schtudios aagluegt
453,dänä hösi sech ä nei egiänzmüsse ufbouä,dänä hetsisech ä nöii exischtänz müesse ufbouä
454,het sec vöreri voröiligi bemerki gshännt,si hetsech für iri voreiligi bemerkig gschämt
455,unde häk etäch um und frichrrnup höpl keöp,bring die häx eifach um und pressier drmit hetsi gseit
456,zi het säch niwe der voerhout,si hetsech nie drvo erhout
457,vüelecht weni im näschtä kamm etesgida eid,vilech gwinni im nächschtä kampf het dr scida gseit
458,ud ian isch mä os trinkt gäut,und ja i schparä o s trinkgäud
459,du heschnä gää und äas chowürterct,du heschnä gärn und das gschpürter
460,do tantsisch soläkt winä fädere,du tanzisch so liecht winä fäderä
461,dr staudan setti in der flusbiegigeicher glenk entst,dr staudamm sötti in dr flussbiegig aicher gelenk enstoh
462,mir händ vil vebraulich ochumänd zfue,mir hän viel mit vertrauliche dokumänt z due
463,zeckge gits in züsche überal,zecke gits inzwüsche überall
464,aber de vochi und au ojoteä und bärä wind em rezänte lechkwze frnlibe,aber dr vogel und au d kojotä und bäre sind em rezänte leckerbissä färn bliibe
465,für gankosimehrerügo sind di relatifkine  kuarie gand siche propmatisch,für ganz grossi meeressüüger sind die relativ kliine aquarie ganz sicher problematisch
466,eiatworp isch nid bekawochfe,ei antwort isch nid bekannt worde
467,hrech zweiolenisch i mealie hind zweiwecleiste sici hettursceetfihi lauanbe nded,noch zwei olympische medallie und zwei wältmeistertitel het dr gündepfennig sini laufbahn beändet
468,dr forschlag esc vo de rumänische edigäunterstütze warde,dr vorschlag isch vo dr rumänsiche elite unterstützt worde
469,h vodörfins isch is witächs gange,vo dört us isch es wiiter ufwärts gangä
470,in nuzärn oum an zistig morgehochnäbe,in luzärn hänmr am zistig morge hochnäbel
471,a nurd briiester zförere wird nüd ändere,aber nur d priester z fördere wird nüd ändere
472,verdäne händ säcde achn voänen grose wenschnochegra parche schaf,vo däne händ ganzi sächseachzigkommanün prozänt än grosse wunsch noch äre partnerschaft
473,wor au ume be pelante wign bewäk bedändu chundt de kontewe,wo au immer de polanski mit sim neuste wärk presänt isch chunnts zu kontroversä
474,drum stöend heme wie nuchaltighät und seibspistimig vo de lokale aferikanischebevölkerig imzentrum,drum stön theme wie nochhaltigkeit und säbstbestimmig vo dr lokale afrikanische bevölkerig im zentrum
475,ich beweiktbefde ineinemenke ide ähligä äi und de greite wän,ich bi überzügt devo dass uns die junge mensche ihri ahliege au unterbreite wän
476,droäm het sich bim d hetmazbuewandrigt itstpelekänderet,trotzdäm het sich bim thema zuewanderig d ihstellig gänderet
477,s erste lssit r sso in efebene acht zig ach de achtzi gin wider ali fiers bg vustalkhle in t swi,s erste mol siit dr saison nünzähsiebeneachzigachteachzig gön wieder alli vier speedkristallkugele in d schwiiz
478,di wärti t neefend,du wartisch bis mir do sind
479,ie wets em eiflach dürgfüeknad,si het em eifach d tür zuegknallt
480,am istig um ibuck o zum teillsiealge meinschien und gwegerha,am zistig und mittwuch nur zum teil sunnig allgemein schwüel und gwitterhaft
481,hunderdi höischrecgke sitze ufem feälfast ussschlieslich ufvenander sie pargä sich leeio,hunderti heuschrecke sitze uf em fäld fast ussschliesslich ufenander si paare sich lege eier
482,ä bi spil  der sceffri verpozi us züri het imoktubu zweidusigundünze für d jungissvapikantitiert,ä biispiel dr jeffrey ferpozzi us züri het im oktober zweituusigundnünzäh für die jungi svp kandidiert
483,belicin wään in schrebergrate i rode hole be basifas merkantonsflagezgse alsefane,villicht sin wäge däm im schrebergarte im bruederholz bi basel fast mehr kantonsflagge z gseh als schwiizerfahne
484,doch jedem verabed riffd mänis bofod usr schid ichtr heetkeitizumergiere,noch jedem foul rüeft d mängi sofort us dr schiidsrichter het kei ziit zum regaiere
485,vivölle unchewassermangiglird on bätte sit zu dr muebeschrorte,si sölle unter wassermangel glitte ha drum bätte si zu dr mueter gottes
486,d utde utu dut lut deonde gautonebätga,die erste elektrische glättiise händ no kei termostat kah
487,wor sizi erneuihole fammei argoes parzüg merfag  voldowuckf,wo si se erneut ihhole ramme si ihr gstohles fahrzüg mehrfach mit voller wucht
488,aäkueut nugä u un de foteee pbäbagaded ane euendtufl,ä kugele isch noch näbe ihm in de pfoste vo me vorbau dach gschlage die anderi het en wiit verfehlt
489,it enanter greded häne,mitänander gredet hänmr
490,wens ab stmt und schneit isch der frelegnüewit,wenns aber stürm und schneit isch dr früehlig nümme wiit
491,e wutterächt bruch vodärä ag pobiri nit,ä bewusste rächtsbruch vo däre art tolerier ich nid
492,a um anbtet,är umarmt si fest
493,tram adboverstoti hantwäg,ihre maa do verstoht sis handwärk
494,dasgalch müer het leiste will ishimu emmänt hart durschaffe,das ka ich mir hüt leiste will ich im momänt hart due schaffe
495,si isc and s be vuer grossmoter gannao ond et deit grossmorter was hestufüer grossi ora,sie isch an ds bett vur grossmuater ganga und het gseit grossmuater was hesch du für grossi ohra
496,aleimit dr eigena forschig undeiklickschaftafarmausis das lec,allei mit dr eigna forschig und entiwcklig schaffen d pharmamultis das nit
497,versunna wind drefigstronvo kgladena teili bo zunna ins allentlok wirdi söttignachell zund em sunnasture,dr sunnawind  dr stetigi strom vu gladena teili wo d sunna ins all entloht  wird in söttigna fäll zu nem sonnasturm
498,dia erneährend sech vorirst vu holkümpond kliim  eibexsa,dia ernährend sich vorerst vu heugümper und klina eidechsa
499,di emera wäria leenitim derfehl ti fwartbrendligakfletit,binara variation vum gefieder fehlt dia schwarz sprenklig und fleckig
500,sch ge frider isch ageme in stun sparzz gsi,ds gefieder isch allgemein stumpf schwarz gsii
501,bi der swis koms sin dervartiga hür alt id andera ab ütert,bi dr swisscom sind d erwartiga höher als bi da andera abüter
502,s gspröch  rmich eilsahli gärd,ds gspröch het dr michael sahli gfüahrt
503,ie langidistuck suacht han het driegerdengt und sini böcksagleit,wia lang i di scho gsuacht hanhet dr jäger denkt und sini büchsa agleit
504,d koschi schlucht am dichnahmigafluskoschi isch bedruck,d koshischlucht am gliichnamiga fluss koshi isch beidruckend
505,alsrestlic verstärter hendsecis aierchwelärt uin falerichi ude al ish gwe,als restlichtverstärker hend sich wissi betttüacher bewährt wo in fallrichtig vu da aal uusgleit werden
506,nd fert gits ihm is gluag rond dopple zo viil hünd und katza zema,und pferd gits in island gnuag rund dopplet so viel wia hünd und katza zemma
507,neltett  denelite un tätereiöien lätän dertit e,nicea fact zu da beneluxstaata in theater oder kinos kriagen platzaawiiser trinkgeld
508,nakunt ane dä frgurho nover bam gretit und bi nerergdaeiti wartig,ma könnt aneh dass d struktur vu notredame grettet und in ihrer gsamtheit bewahrt sig
509,userhouda a täbbuktäm,d schwingerhosa as starks stuck schwiz
510,u ebad dend  banfer an der noemol ver brachtmeile buaeng en parad,sit täg stön d panzer an dr national mall dr prachtmeila vu washington parat
511,warom hend sie eigndlich bütshla emalp,warum hend sie eigentlich dütschland im aug
512,dasür i z on ragla ördiga klima politi,das ghöri zu nara glaubwürdiga klimapolitik
513,ar sind uakunft und went mit bestimma seit der simon ghöstinger,miar sind d zuakunft und wennd mitbestimma seit dr simon köstinger
514,dr assell dopler vu dr fdpligdaber wor raschtendet dlich inter amerohnaltri nobüchel vu dr ssvopezrugg,dr marcel dobler vu dr fdp liggt aber überraschend dütlich hinter am ronald rino büchel vu dr svp zruck
515,c herc kha decta spielier het aber numa gmeiech wiarlmin slogen o wisoschloh,dr kadettaspieler het aber numa gmeint miar müand slowenia sowieso schloh
516,ischo afangssslangsigzi verarenals ider meistertifi noch weiusig undwölffider zgwönna,scho afang saison sig ds ziel für arsenal gsi dr meistertitel noch zweituusigzwölf wieder z gwünna
517,a bi fliar wifera vell sind dlaboruntersochi da no uusstu,au bi viar wiitera fäll sind d laboruntersuachiga no uustehend
518,wen d ma schina vorssichtig het dr jönzend in zuaget,wend dmaschina vorsichtig het dr janson hinzuagfüagt
519,a huntig ide ödi hndedi anut denh we ibe wgt,am sunntig und am mentig sunnigi abschnitt drneba au bewölkt
520,d ude finrikeneie moberne trdugtvotaia mit alberi kita,d bilder sind präzise wia moderni produktfotografia mit alta requisita
521,müea e sich haber uszalt hüg in sinipofsicher,d müaha hegend sich aber uszahlt hüüt sind sini schof sicher
522,gagäbbrt az atorz d döt tisich ufgrup vum labfenda verfahra nit,geganüber kassasturzüsseret sie sich ufgrund vum laufenda verfahra nit
523,mit dr avau stürvorlag hend der bundesrot und s parlamen eber pateigrenza ussaköüna öberzüga,mit dr ahvstüürvorlag hend dr bundesrot und ds parlament über d parteigrenza ussa könna überzüüga
524,diea offanas son da vur letst da seson wer di nomoll so ritig uustrega,dia offena sandala vur letschta saison werd i nomol so richtig uusträga
525,dr eltisch dis soun lehunflörte t häftig mi era und sie erligt bält sin em schar,dr ältisti sohn leon flirtet heftig mit ihra und sie erliggt bald sinem charme
526,nie hanis somi glustucktiwia hüt gha,no nia han i so wenig lust uf di wia hüt kah
527,ei judr zweimohl hani gärtengse r u äga gschaf hend wobiiiri mämaschina gschus dom grorshe,ei oder zwei mol han i gärtner gseh wo im rega gschafft hend wobii ihri mähmaschina gspuckt und gorpst hend
528,i hen der dälti äbüegt,i han mer ds auto aagluagt
529,es isch gssi als hetti mals denkmol fum socglgschopft,es isch gsi als hetti ma es denkmol vum sockel gschupft
530,wön d uperes iar s tueichsh no vurssunna ufgang dstross,wenn du pressiarsch erreichsch no vor sunnauufgang d stross
531,i handeia  teiamolsortert,i han diar dia dateia mol sortiart
532,si e hspürs dusprsch,sie spürt was du spürsch
533,stuf esch en absolutezale geochrnonologisch vo öppemillione de öppemilli oneor,d stufe esch en absolute zahle geochronologisch vo öppe millione bes öppe millione johr
534,e är hed ä net wedersptrocfe,aber är hed au ned wedersproche
535,de kant isch de bispbell sozialkedieste wo echchinarfroftwer,s bekanntiste bispel eschs sozialkreditsystem wo en china erprobt werd
536,lächtwrael das ineinel fäbenint und e fufni aktimitäteit,s schlächte dra esch dass s enzym schnell schade nemmt ond eso sini aktivität verlührt
537,die alli wächtige esch dankerode vo wise ond wäldromgä,i alli rechtige esch dankerode vo wise ond wälder omgäh
538,sie chem sche duck duäd et scharcht dere vo fluohgsezi,di chemischi struktur ähnled starch dere vo fluoxetin
539,dubaton undand einteder brochiepatnne unbilab,d rondfahrt esch momentan s einzige profietapperenne en dütschland
540,erlsen vode notpewende en jonge detentet pforn,är esch eine vode metbegrönder vom jonge dütschschwiizer spelfelm
541,ider creinide state wel sralisöl adienache ode voja tronke,i de vereinigte staate werds traditionell a wiehnachte oder neujohr tronke
542,li a anderdese eri domheit igse,d liane hed onderdesse ehri dommheit igseh
543,in zöri heis früebligs fräscht zächtzüte,en zöri heisst s früehligsfäst sächsilüüte
544,uetder pflanter säalberah sie nof us zemlech gruos nach bulga cemarstelb,fuetter pflanzt er sälber ah sine hof esch zemmlech gross nach bulgarische massstäb
545,de büödi wer siteetide schwiz gotz neg guet vil dierumpflaneratesenggfördet,de biodiversität ide schwiiz gohds ned guet vell tier ond pflanzearte send gföhrdet
546,solot mrauft dedi meiziponkft on meiordene webinline pflüged,so luegt mer aso uf de rechtigi mäihziitponkt ond mäiht nor denne wenn d biinli ned flüged
547,veres longerengge litzi bispels rwis wörsche nokomis on nolkom achtmili sive,för es longeröntge liit sie biispelswiis zwösche noll komma eis ond noll komma acht millisievert
548,denhept un esh dädtlanetoan wit ischde wägg esch fode sune,de neptun esch dä planet wo am wiitiste wäg esch vode sonne
549,es mö de alli teidetziel koniptivervöllzgeoms häp zil dzfölle,eso mönd alli teilziel konjunktiv erföllt sie om s hauptziel z erfölle
550,weni genabfar no serct nord kest borte e otse knöm bfesttöb,wenn genau d fahne serst mol ghisst worde esch loht sech nömme feststelle
551,si sch beicheret vilwiissi bluekapeli ond bluep bärtli wo sicha nushette,sie speicheret vell wissi bluetkörperli ond bluetplättli wo si chan usschötte
552,nach siner öpromo hederwaldagfang seh em auterensport zwezwände,nach sinere promotion heder bald agfange sech em autorennsport zuezwände
553,es e chat is norez zöbesctböbö,es esch allerdengs nor es zwöschehöch
554,e drofe tal vo met ontendoroupabel on höig ond trochetgwäter,e grosse teil vo mettel ond südeuropa dorom sonnigs ond trochnigs wätter
555,es esch ramadan und si wet inne öpis iete,es esch ramadan ond sie wett ehne öppis biete
556,das bede glich zidiga nei zum wäg vo de schwiz und urnnerse,das bedüüted glichziitig au nei zom wäg vode schwiiz om de urnersee
557,äwist uf de brüebaock de meitstere gara watsto oba anen möeter gsideg,er wiist uf de früehbarocki meister caravaggio wo sogar en mörder gsi seg
558,föl vo sine koljege sege daeiz gstobe seigt e tree,vell vo sine kollege seged a aids gstorbe seit de tree
559,die beide läckbocse send borge ond säled emerame versuecht wäre,di beide blackboxe send borge ond selled em iran ondersuecht wärde
560,dame retkaer hends e nachem stort zom diktatorsad em usg bednedgtaft eför rue ond stabelitezoberge,d amerikaner hends nachem storz vom diktator saddam hussein ned gschafft för rueh ond stabilität zsorge
561,sini wo vo de agresion en heiti ie schelatbhüch,s niveau vode aggression en haiti esch relativ höch
562,de nalotegsperte klärt was bes zm ändig fom tolnt trappsi iner am sti nochapaetere,de nahostexpert erklärt was bes zom ändi vom donald trum sinere amtsziit no cha passiere
563,demänteldeblecfede de en dberdedewäckehende en ro enderi nobichufide geithe,de marcel dobler vode fdp liit aber öberraschend dütlech hender em roland rino büchel vode svp
564,om djortusigwänte ets  noborde sine höeponk vereicht mitewirenähmezahle aberscho wederabe,um d johrtuusigwändi het s snowboarde sine höheponkt erreicht mettlerwiile nämed d zahle aber scho weder ab
565,dm absche al seree berad,du machsch es bad för ehn parat
566,zurüerd  as meistli,du rüehrsch wienes meitli
567,mängschischt chadz ome wenderuffacht mängs schloft si mäng spotzzi seche mängi spilt si sogar wad staupfhuseli oderotzz met de tote flügen u fom vfärnster sems,mängisch esch d chatz ome wenner ufwacht mängisch schloft sie mängisch potzt sie sech mängisch spelt sie sogar jagt es staubfuseli oder rotzt met de tote flüge ofem fänstersimms
568,der emolgi upsschfpeter kurer chöin zosini kariere zäkoh,för de ehmolig ubschef peter kurer chönnti so sini karriere z änd goh
569,ome sel ändlech met de saneonierig fo osile brnstof uföre,ond mer sell ändlech met de subventionierig vo fossile brönnstoff ufhöre
570,ä glaub dass bede verwandi kiolsc embealli roteschlotghörfeli vertröckwärded,är glaubt dass bede verwandlig vom hulk emmer alli rote bluetkörperli verdröckt wärded
571,blift das so chö di gobalierfermig onte koma füf grad oderme zuenäh wart d uleb,blibt das so chönnt di globali erwärmig om drü komma füf grad oder meh zuenäh warnt d unep
572,na ch laen hin ond här hemm rüs enteet dich änggultig vom verein abzwüse,nach langem hin ond här hemmer üs entschede dech äntgöltig vom verein abzwiise
573,de eldreku heit chren gicedider und boehi gmout,de el greco hed vell religiösi belder ond portraits usgmolt
574,vomeeder bamo wedene stri tribeopobetibertbescholdig etwerrt bestächig s gälder aknazga,im familiedrama werd en stüüritriiber porträtiert wo bescholdiget werd bestächigsgälder agnoh zha
575,ächerbedo dases ne dromgienge schodigetsee soerd ufcäig ufraztwibe,sprächer betoned dases ned drom gieng scholdigi z nenne sonder d ufklärig voraaztriibe
576,eache deg gräälber onplechauföe si,ech mache die grät sälber ond verchaufe sie
577,sie sch nosd immer weme si gstrachelt hed,sie schnurrt emmer wemmer si gstreichlet hed
578,ech agesem atoa,ech lueges em auto ah
579,sfölvernech ehnegraskitiert fa isch häsecheralse i,es länged wenn dus grob skizziersch
580,ar hets bes immergspt,är hets bes jetzt emmer gspört
581,rest heder sech em opplaus baded,onderdesse heder sech em applaus badet
582,hatbiisbil ammerchon isch als glaudaabisodec zua üetanne helvo komputrgip entwerecunt bo ducier deiewuchmann,eis biispil amazon isch als cloudabüter dezue überegange selber computerchips zentwerfe und zproduziere seit de buchmann
583,einemi brocke wer de dau wsn stlichiterrängecfied,einzelni brocke werded au wesentlich wiiter transportiert
584,unfiganke vo d e reiisc es demitwaffegliicheit wüschiseschwateie iher krd bli,grundgedanke vo dere reglig isch dass demit dwaffeglichheit zwüsched de parteie eher gwahrt bliibt
585,esind mi ich fvochnüch de franse als audike kraste vozigt,sie sind mit dicht vochnüpfte franse als au dicke quaschte voziert
586,bi de rogstürch werde tie au als g aulkuappe bezarrichnet,bi de froschlürch werded die au als kaulquappe bezeichnet
587,iefäelch vostort de stavr hechii ginüber amhafangge,zuesätzlich vostoht er davance vo de ruby ihm gegenüber am afang nöd
588,ehet glich ziitigalkitiiert das de damali kroste günstigisiige kripen vonsab us de evaluation us gshloseworde seg,er het glichziitig au kritisiert dass de damalig chostegünstigi sieger gripen von saab us de evaluation usgschlosse worde seg
589,bsundrals wen ihr istängel überde vinterstar gloh werded wil de distelfing frisarme,bsunders wenn ihri stängel über de winter stoh glo werded will de distelfink frisst dsome
590,de abeschue isch dore volksabstimnig nünze brüenündg entstande,de aueschutzpark isch dur e volksabstimmig nünzehdrüehnünzg entstande
591,si t zwei usigfüf zelebezi wied und ohni zuetue vumne imkeor,sit zweituusigfüfzeh lebed sie wild und ohni zuetue vomne imker
592,luutde bünt nodabdfoschreifte fenjepper droberpeaptaseschütse,lut de bündner jagdvorschrifte dörf en jäger pro johr acht hase schüsse
593,struzsbläf isch abe gfalle,sschutzblech isch abgfalle
594,wie kunkehed b vor beweitigde kantön usgochona wie wus usgseht isch unteriglech,wie konkret dvorbereitige i de kantön uf scoronavirus usgseht isch unterschiedlich
595,i de shwiz wäded po jar vier tusig tonidi kament esorgt,i de schwiiz werded pro johr viertuusig tonne medikament entsorgt
596,vir mänsche wo sich de unmgangmitzöttigne profimake nöd gfuhnd sind chöntet si sogare zuzätzlich srisigkodarstere,für mensche wo sich de umgang mit sötigne profimaske nöd gwohnt sind chönted sie sogar e zuesätzlichs risiko darstelle
597,amarson oed kuantekomptutingselofehigache,amazon wott quantum computing salonfähig mache
598,ez wierznigdbewölkrigimostelockreidof,es wird sunnig dbewölkig im oste lockered uf
599,mornalertings heits d inzug denduch dabril sunneö wider i,morn allerdings heizt in zug denn doch daprilsune wider ii
600,k di beideflekbrogsel eorge i fölledi miurang uneucherde,die beide blackboxe sind geborge und sölled im iran untersuecht werde
601,atkonolöte diablktrümi n mene sägtwiare dabak sogar achtmillione,alkohol tötet jöhrlich drü millione mensche seit dwho  tabak sogar acht millione
602,ussoden ede d menche i nodkorea teilwi täglich stundelangpolit isch gschuelt,usserdem werded dmensche i nordkorea teilwiis täglich stundelang politisch gschuelt
603,dech zuein ideibekiachach su pone gschane,dezue sind i de becki flachwasserzone gschaffe
604,nulgratkeinze um d zweitstrüchundertmeter,nullgradgrenze um zweitussigdrühundert meter
605,di riiche werded immerreicha bi arme immr rmer,di riiche werded immer riicher di arme immer ärmer
606,d schwiiz et sit d füüführ  eihandels abkumeh mit chlinea,dschwiiz het sit füf johr es freihandelsabkomme mit china
607,de heisst mec vordere lade infrastukturtuechus,da heisst mir fordered dladeinfrarstruktur durchus
608,abespskpil d capfipfbepozi us zrri het im oktober zweitubsignünze für di jugsvorp kandidiert,eis biispil de jeffrey ferpozzi us züri het im oktober zweituusignünzeh für di jung svp kandidiert
609,s pot üffre es schlaraffele omiseiethaber,spotify  es schlaraffeland für musigliebhaber
610,dirig ide neture ode de chüelitin hent bidendi beeprugemie,dstüürig vo de motore oder de chüelsystem hend dstudente selber programmiert
611,ite wie äte hehte e den de ätee tel und händlih betändide,dschwiizer wirtschaft erhofft sich vo dem de abbau vo zöll und handelsbeschränkige
612,d plahn esch alle gloh wode,de plan isch falle gloh worde
613,e farm mauebau ec hen un iepbischelinflue,no vorem mauerbau isch sini familie mit ihm uf westberlin gflohe
614,hät ghoschechiehe banere o chee an tich ee bae vohimigtt,si ghorched im chriegsfall amne banneret wo ihri lanze zumne banner vereinigt het
615,ier het sich ets hagmode tare kocckt,nei er het sich jetzt halt mol döt ane ghockt
616,i meibfustig drrei bi sinde worne utgande isch,i mein pfusch i do in öpis ine wo nöd usgschtande isch
617,sasctrikshtu am bebi krei neu imite wi mini altmam immer gseit het,so stricksch du dem baby kei neui mütze wie mini alt mum immer gseit het
618,a zbema at schad bevo grbs,erzwing kei entscheidig bevord bereit bisch
619,was uachsch dödeo,wa suechsch du denn do
620,spiller het der reise schees nadem spilnigsüs gmacht,de spieler het der reisestress nah dum spiel nix üsgmacht
621,d scha dögit hagel va füfbis trimillimeter,zneuchatel kit hagel va füüf bis drii milimeter
622,aber derwartigischtsdi digitaltelif fonidigich glöibwürdikeit und frallum stabili dät het wiet danalog telefuni,aber derwartig isch dass die digital telefonie die glich glöibwürdigkeit und vor allum stabilität het wie danalog telefonie
623,diteii aner beisterbank aeböides degböldevariru,die teifi vaner feischterbank cha va gebäude zu gebäude variieru
624,mit hilf waöihrush gersin känen shischisch in dunkloperfekori nt fieru,mithilf va ihrusch ghörsinn chännunt schi schich im dunklu perfekt orientieru
625,starcheä fen,starche föhn
626,ufemu fästiner wia klau teranton es wärtvols farzig,ufemu fäscht iner villa klaut der anton es wärtvolls fahrzig
627,dr safverstepe fäschu h inbrim,der coiffeur steit bim wäschu hiner ihm
628,düedem hetbunuini inderzit intdr steiner füsbalnatalwanthaft berübeffu,züedem het mu nu in jener zit in dliechtusteiner füessballnationalmannschaft berüefu
629,menn dü ükuscht dkangsdigttam und löif nitum wäg ab,wenn dü üsachusch gang sittsam und löif nit vam wäg ab
630,hittes hanich dteiseg end vorffoleunt kin fleiga icch,hitu chan ich feischter und porte offu lah es chunt küm en fleiga ih
631,en die bldwei därine ipelp nt guet fil beren puanarteen käret,um die biodiversität iner schwiz steits nit güet vill tier und pflanzuarte sind gfährdut
632,zo kieht di chriiterisa bella brahelder ieinecracor und döchach dönech kuafo valaibpech,so kehrt die grundbsitzeri isabella braunwalder hitu nimme traktoru und töffkrach sodern zquaku va löibfresch
633,schiftlich läbel l a mit eilu nech äie ängumücech mit beeelsameethed,schriftlich lähnt schi lah mitteilu mu stäge in ängum üstüsch mit dum bundesamt fer gsundheit
634,nau e der gotheissvertorgigschtächt unt di teme wi im obilität böfenlichi dichgeheit wohnu nun zu witerba,näbu der gsundheitsversorgig sprächunt schi theme wie mobilität öffentlichi sicherheit wohnu und so witer ah
635,i niegschte jahrdol händ  schwäcking ezüecho,im negschtu jahr soll handtracking derzüe cho
636,s abfiruf ane ragete erfolgt oberd sittuflächi vom fahrzig,zabfiiru vane rakete erfolgt uber dsituflächi vam fahrzig
637,dachlag lüttuduf folksverhetsigg  und verbreitig fab propagandamaterjal fa vervassigsfeintlichu organisäzione,dahchlag lütut uf volksverhetzig und verbreitig va propagandamaterial va verfassigsfeindlichu organisatione
638,zweitsterh stiparti isch zuzialdemu krat isch aeterpartiv ditsche öschtrichho,zweitsterchschti parti isch dsozialdemokratisch arbeiterparti va ditschöschtrich cho
639,dädalis isch ek färgange,va da üs ischs witer üfwärts gangu
640,mria wit bepitnser basctgar,dmaria wird betöibt und zer baustell gfahru
641,zeie schint tolkenurzum telinhwäre vade entrahlindoschtswicsech ünde,zäjer sind dwolke nur zum teil inu bärga va der zentral und oschtschwiz und znordbündu
642,am samstakuns töi immer chelter und bis am abe gits de flocke bis enlachland,am samstag chunts öi immer chelter und bis emabu gits de flocke bis ins flachland
643,der zögezim süduveries parkwärlwol kä öi uberdu bäe adibib und harm loss,derzüe gits im südu veli es paar quellwolke öi uber du bärga aber die blibunt harmlos
644,im walis gitss part gresseri wokblike,im wallis gits es paar gresseri wolkulicke
645,naizsacktiornägägochamerei hed äsbewise,dnöiju sanktione gägu chamenei hent das bewiesu
646,efland her s äigeechter mecp es wältwizbtnisgägebels lan,so plant der usüssuminischter mike pompeo es wältwits bündnis gägu das land
647,wier heit brasilines fragmentierzbaemänt digrigstifchzion het zäbrzänt vane siza,wier hei zbrasilien es fragmentierts parlamänt die gregscht fraktion het zäh prozänt vane sitza
648,uo diereilängiichalerauerg,hoffet ier öi üf üsländischi chöifer va ewer idee
649,vor drbundestreidäntintimoneta sumruga ree ewiearendespwalssctpar,vor der  bundespresidäntin simonetta sommaruga redut der wefgründer klaus schwab
650,der andrgad fets het nerviäm neringeertze casachstaan feresisrüefzeihugsporgt,der andreas vetsch het aner wm vane ringer zkasachstan fer es üsriefezeichu gsorgt
651,hwuis dsshi das üit qut da s izh eünd iner pirrageltwiesöu dvszhaniicrgvcht,ich weiss dass dü das nit willt dass ich in diner verganguheit wiehlu und das hani öi nie gmacht
652,wen dieri üsnahzuch de stamunt halt tie akwaria verlativ um problematisch,wenn tieri üs nahzuchte stammunt halti aquarie fer relativ unproblematisch
653,folsischis prtrusmarial und öi is was schön cha ahldru,holz isch es vetruuts material und öi eis wa schön cha altru
654,wenn s stro ver brückt isch rutscht sss parläigemmer witer inobericht mit betobudu,wenn zstroh verbrücht isch rutschts va ellei immer witer inu berich mit betobodu
655,es gä e swenig wisserschaflichiewisa dass z flanzuschutzmittel chrebserzige hets damald gheissu,es gäbe zwenig wissuschaftlichi bewisa dass zpflanzuschutzmittel chrebs erzige hets damals gheissu
656,so schem war di kantohnsctras zwitshu tannigl ason dermat gspert gsi,so isch im wallis die kantonsstrass zwisch zaniglas und zermatt gsperrt gsi
657,im dachstock vam abau hüs und flädermiischwiiplini und zi en e ihrustinnguüff,im dachstock vam ahbau hüsunt flädermischwiblini und ziehnt da ihrusch jungu üf
658,mal das ja ansbund üs,dü malsch das ja änz bunt üs
659,der mülworf graddet schich duch däda,der mülwurf grabut schi durch därda
660,dgetsch itzligatachbodu,dü geisch lislig uber de dachbodu
661,richhartt ich adich gezslot,richard ich lah dich jetz los
662,ha öamrahm tupf gnast meister,ha öi amu rahmtopf gnascht meischter
663,i schthosso dmarschader cich ägeng die kidun ond chadmi tiefgäg alasdish,schi stossut dmarsha durch di gägend di kit um und schlat mit dum chopf gägu en glastisch
664,wise sparterdäm mit demarit dasonen uffe gäld,wiso spart er dänn mit de marita sonen huufe gäld
665,inethiopie gressime sich b auekantackt ä wemer sich diki,in äthiopie grüessi mer sich bi augekontakt au wenn mer sich nöd känni
666,abe hedähnet ddeochen,aber er hät au nöd widersproche
667,teilprivattierikeke uzwürkigout d internationale gschäfft,d teilprivatisierig hät kei uswürkige ufs internationale gschäft
668,i de jahr nach dnabhngikit hät sich im burundi zuenämmend es chosusbreitet,i de jahr nach de unabhängigkeit hät sich in burundi zuenähmend es chaos usbreitet
669,de grundgedanke vo däre regelig isch  d ademit wachvogliicheitzis doparpee gwartwirt,de grundgedanke vo dere regelig isch dass dademit d waffeglichheit zwüsched de parteie gwahrt wird
670,de depp isch nebeder iknolte au sperenegrulzänd gc,de depp isch näbedem nick nolte au usfüehrende produzent gsi
671,die chemisch stk turähnd let starcht tere vo fluegi,di chemisch struktur ähndlet starch dere vo fluoxetin
672,in wede tretenel en bäcktig vor em sinig ufgäffä,si werded traditionell am dunstig vorem aschermittwuch gässe
673,ide folbende jahr isch es de mehrfacha bründedige dur franseeschi truckpbacho,i de folgende jahr isches zu mehrfache plünderige dur französischi truppe cho
674,de falhauert isch nöde weite himel basiert er hat villmehen si stem fähler ufdeckt,de fall hauert isch nöd us heiterem himmel passiert er hät vill meh en systemfähler ufdeckt
675,bundesräträ ve zojetischi und russischi mi niste,bundesrät träffed sowjetischi und russischi minister
676,en iliowarte sind momentaem ussterbe bebro,e million arte sind momentan vom ussterbe bedroht
677,elini he di bichäber e neibipe bi ne nutignuh,vorallem het er sich aber en name als spezialist für noi musig gmacht
678,ruffie hätde sich zim könesreelah,drufhi hät er sich zum könig usrüefe lah
679,er ish ichigründer vom lichtische e verba gsi,er isch mitbegründer vom lettische pureverband gsi
680,hie massnan zurcverbesterig vo dermähriklag ish defure lopi widerstan gscte,die massnahm zur verbesserig vo de ernährigslag isch ide puurelobby uf widerstand gstosse
681,datebe isch sin glunge die re belische barönd spalte e nachenand zbesige,dadebi ischs ihm glunge di rebellische barön zspalte und nachenand zbesige
682,hutetärte deiverid piein vor,kritiker wärfed de regierig pinkwashing vor
683,de uesbäter a d schamp hät uf dos serschmitrohige rergiert,de uspresidänt donald trump hät uf das zerst mit drohige reagiert
684,der sächse füfzgiärig wil für defti bte ständera ziz vo ardeckoleg jochimeder wo zrukträttet verteidige,de sächsefüfzgjährig will fürd fdp de ständeratsitz vom parteikolleg joachim eder wo zruggträtted verteidige
685,de scheffoh läderach sch wä gsinerechrischtliche überzügig as frauefehndlich ond home vopet worde,de chef vo läderach isch wäg sinere christliche überzügig als frauefeindlich und homophob bezeichned worde
686,ja natül ische sindter nationals ränne ezeehlli useforberüfe,ja natürli isch es internationals renne e spezielli useforgerig
687,nei hät si gseitgwder prüehled,nei hät si gseit und luter brüeled
688,aberädwidlersdbroche wose sid gweigeretthät,aber er hät nöd widersproche wo si sich gweigered hät
689,ch mil röt as sdu nowitermitineremort triesch,ich will nöd dass du no witer mit dinere mueter stritisch
690,en tti be nidach niten tdind enänt wbwent witt,am zistig und mittwuch nur zum teil sunnig allgemein schwül und gwittrig
691,müickewächte di täcktbi di gi trikt,d schneeflocke wachsed us sächseggige iskristall
692,si mo nita sumaruga bin se flro und dankbae arbegiständera,simmonetta sommaruga ich bin sehr froh und dankbar fürd arbet im ständerat
693,e isch bi khlitaboblitische fraggä ehrplötz,de isch bi klimapolitische frage eher ufd chlötz
694,ä dd trinitegäpde biebi wät pränte bitnetti chräkt hät  ätena gheie,es gäbi zwenig wüsseschaftlichi bewis dass s pflanzeschutzmittel chräbs git häts dazumal gheisse
695,im kanvernarau chame drum keinstatlangegseh,im kanton aargau chamer drum kein stadtlandgrabe gseh
696,de ellgreko hät villereligössi bilder ond bortres usgmalt,de el greco hät vill religiösi bilder und portraits usgmalt
697,de tof hä behäteg de fi ufdag fomeckei in konpe ibr oltipakipebi het,de joyce hät behauptet dass sin uftrag vom shackleton im d kontrolle über alli schlitteaktivitäte geh hät
698,d hauptawändig isch gägebreitblettrigi uchrüter widistle chro derpsche winde und storch schnabel gficktet,d hauptahwändig isch gäge breitblättrigi uchrüter wie distle chrotepösche winde und storchschnabel grichtet
699,d de häe näverübe,de sam hät sich d nase gribe
700,ich stiwize vorats chammere,ich stibitz ihn us de vorratschammere
701,er isch ös wos es cheeklät hät,er isches wo oises chind klaut hät
702,bu mstwert sich hu i uaab,drum stürz ich au hi und da ab
703,sini oberfächi isch unnebe gsi,sini oberflächi isch unebe gsi
704,in melber isch er im halpfinal an novaktakowitscht gscheiteret,in melbourne ischer im halbfinal am novak djokovic gscheitered
705,das gält zöll lud barmelän scho dasiahdi gsezt werde,das gäld söll lut parmelin scho das jahr igsetzt werde
706,d hegi su siilriu snögla,de hegi sini ufzgi bim klimaschutz nöd gmacht
707,upuslzheretitdansaumid,und versichereti wo für das zahle münd
708,sofelgekurus hätbi s vorchurtnimetude noiebannast,s boufellige kurhus hät bis vor churzem nüme zude noie bahn passt
709,uteeme wirch d um ne ande,s unternehme wirbt um noi chunde
710,wo häsch s hüsssesteck,wo häsch s chies versteckt
711,fänster us kostoff cund sehrändlich usgse wi holzigi fänster wif de volie flächi holtstuktur abdruckt werdä chand,fänster us kunststoff chönd sehr ähnlich usgseh wie holzigi fänster will uf de folieflächi holzstruktur abdruckt werde chan
712,dän isc si als ussakospondäntind ufsempferziskog gange und isch korespondänti ni de vest shwitz gsiivasizruckhosch,dänn isch si als usakorrespondäntin uf san francisco gange und isch korrespondäntin ide westschwiz gsi wosi zrugg cho isch
713,zuesälich häts villpesen elli wächslut gh,zuesätzlich häts vill personelli wächsel geh
714,di gänd au mee us,die gänd au meh us
715,de hnte betäliw händ  bim ur wälde vrezänt la rutem brebig przän und apewänrodemg egri prozänk go,di chlinschti beteiligung händ d kantön uri mit zweiedrisg prozänt glarus mit drüedrisg prozänt und appezell innerrhode mit vieredrisg prozänt gha
716,färn ahrchau und graecingede mälifed neuierewörd,bern aargau und graubünde mälded noi rekörd
717,tsäntlich habudezubeschlagibeko,die hät schlussändlich au de zueschlag übercho
718,för das müs sed eheblichli sicherheitzs bedänke da si wi zum ischientstorm,für das müssted erheblichi sicherheitsbedänke da si wie zum bispil en sturm
719,wide gschichtie superlig het abtspiltä gäh wo viert partie unintschide usgange sind,ide gschicht vode super leage häts acht spiltäg geh wo vier partie unentschide usgange sind
720,rgohl vode berlinne zwahled aber nachscüettig ermitel vode gesteber,d goal vode berliner falled aber nach güetiger mithilf vode gastgäber
721,idrigechtie ipertiegäge kt äh o no in bleechgänhet,i de übrige spil stönd drü partie gäge teams ah wo no umd playoffs kämpfed
722,coicickbeiflii arbeisschoftk,politik beiflussi ihri arbet nöd d wüsseschaft
723,cicinaschelig wör de corsichtig itsch,bide nahstellig wird er vorsichtig und schüch
724,nöbrut stit sätel und fläppant,mer brucht stift zättel und chläbband
725,d fraue ahrbeide tfälder un mache krälli schmock wo si de turiste vechaufet,d fraue bearbeitet d fälder und mached chrällelischmuck wo si de touriste verchaufed
726,si isch alls verzierig entvedediräkt ode mitere krdla de chappa ahgmacht,si isch als verzierig entweder direkt oder mitere kordle ade chappe ahgmacht
727,z vorbet fürdas projekt isch am marsel düscschansüss schachtlihm koffer gse,s vorbild für das projekt isch am marcel duchamps sis schachtel im koffer gsi
728,de gistekri isch emolckere,de grössti betrieb isch e molkerei
729,e gnau ji fesstlegig fom strick verlaufv isch aber nig beschlosse wore,e gnaui festlegig vom streckeverlauf isch aber nonig beschlosse worde
730,de erige nän webe obeläctet gi,de inneri fride in england isch aber nur oberflächlich gsi
731,wnd im fomitdübe grona erus sit dbeti onide shwiz,de bund informiert über d coronavirussituation ide schwiz
